40, 0.5, 1.7, 0.1, 0, 999, [0.99996511 0.99993022], 1.2176017672796708e-09
40, 0.5, 1.7, 0.1, 1, 999, [0.99999994 0.99999987], 4.261335851545456e-15
40, 0.5, 1.7, 0.1, 2, 999, [1.00000055 1.00000113], 3.7675692781818637e-13
40, 0.5, 1.7, 0.1, 3, 999, [0.9999993  0.99999865], 6.98386757149794e-13
40, 0.5, 1.7, 0.1, 4, 999, [0.99999349 0.99998681], 4.4944194598078886e-11
40, 0.5, 1.7, 0.1, 5, 999, [1.0000002  1.00000039], 4.015434204152054e-14
40, 0.5, 1.7, 0.1, 6, 999, [0.99999998 0.99999995], 5.533989986721594e-16
40, 0.5, 1.7, 0.1, 7, 999, [1.00000001 1.00000002], 9.754727262768056e-17
40, 0.5, 1.7, 0.1, 8, 999, [0.9999998  0.99999957], 1.0211440399060074e-13
40, 0.5, 1.7, 0.1, 9, 999, [1.00000724 1.00001436], 5.3926401440433304e-11
40, 0.5, 1.7, 0.1, 10, 999, [0.99999998 0.99999995], 5.401185331034063e-16
40, 0.5, 1.7, 0.1, 11, 999, [0.99999983 0.99999965], 3.0598581773038186e-14
40, 0.5, 1.7, 0.1, 12, 999, [1. 1.], 3.6858284002361125e-18
40, 0.5, 1.7, 0.1, 13, 999, [0.99999996 0.99999993], 1.2880391478372107e-15
40, 0.5, 1.7, 0.1, 14, 999, [1.00000147 1.00000294], 2.156276489993663e-12
40, 0.5, 1.7, 0.1, 15, 999, [1.00000001 1.00000001], 6.276077729418635e-17
40, 0.5, 1.7, 0.1, 16, 999, [0.99947736 0.99895447], 2.7318177319119894e-07
40, 0.5, 1.7, 0.1, 17, 999, [0.99999998 0.99999996], 3.950308726161165e-16
40, 0.5, 1.7, 0.1, 18, 999, [ 3.92114645 15.3758731 ], 8.533119965583033
40, 0.5, 1.7, 0.1, 19, 999, [1.00000002 1.00000004], 4.2333314731347383e-16
40, 0.5, 1.7, 0.2, 0, 999, [1. 1.], 2.1025892797432726e-22
40, 0.5, 1.7, 0.2, 1, 999, [ 3.60929731 13.0303481 ], 6.809535372875992
40, 0.5, 1.7, 0.2, 2, 999, [1.         1.00000001], 1.5703055455784387e-17
40, 0.5, 1.7, 0.2, 3, 999, [1. 1.], 1.3560968886383194e-20
40, 0.5, 1.7, 0.2, 4, 999, [1. 1.], 1.027626033602854e-18
40, 0.5, 1.7, 0.2, 5, 999, [1. 1.], 1.4854870180365794e-20
40, 0.5, 1.7, 0.2, 6, 999, [1. 1.], 6.705643592170291e-20
40, 0.5, 1.7, 0.2, 7, 999, [1. 1.], 6.56918605302259e-22
40, 0.5, 1.7, 0.2, 8, 999, [1. 1.], 3.012171500324377e-20
40, 0.5, 1.7, 0.2, 9, 999, [1. 1.], 3.670560833504039e-21
40, 0.5, 1.7, 0.2, 10, 999, [1. 1.], 4.357265126862871e-19
40, 0.5, 1.7, 0.2, 11, 999, [0.99999999 0.99999998], 8.178507152782577e-17
40, 0.5, 1.7, 0.2, 12, 999, [1. 1.], 2.372814099333408e-21
40, 0.5, 1.7, 0.2, 13, 999, [1. 1.], 1.5027152684610796e-18
40, 0.5, 1.7, 0.2, 14, 999, [1.17061233 1.37049965], 0.029111335889803466
40, 0.5, 1.7, 0.2, 15, 999, [1.00000998 1.00001997], 9.957490425592025e-11
40, 0.5, 1.7, 0.2, 16, 999, [1. 1.], 1.9790274850663327e-21
40, 0.5, 1.7, 0.2, 17, 999, [1. 1.], 1.9907586274631001e-19
40, 0.5, 1.7, 0.2, 18, 999, [1. 1.], 1.981898613063793e-18
40, 0.5, 1.7, 0.2, 19, 999, [1.33309093 1.77706499], 0.11095001131414717
40, 0.5, 1.7, 0.3, 0, 999, [1. 1.], 4.082848222584499e-28
40, 0.5, 1.7, 0.3, 1, 999, [1. 1.], 2.5588676845701735e-25
40, 0.5, 1.7, 0.3, 2, 999, [1. 1.], 1.403078310521666e-24
40, 0.5, 1.7, 0.3, 3, 999, [1. 1.], 6.460968028986392e-27
40, 0.5, 1.7, 0.3, 4, 999, [ 4.47166264 19.99511787], 12.052483632723066
40, 0.5, 1.7, 0.3, 5, 999, [1.00764205 1.01536797], 5.846580230300373e-05
40, 0.5, 1.7, 0.3, 6, 999, [1. 1.], 1.775192542582198e-21
40, 0.5, 1.7, 0.3, 7, 999, [1. 1.], 6.336989667976107e-23
40, 0.5, 1.7, 0.3, 8, 999, [ 3.91426719 15.32324413], 8.49326177676439
40, 0.5, 1.7, 0.3, 9, 999, [1. 1.], 5.8971767328111476e-24
40, 0.5, 1.7, 0.3, 10, 999, [1. 1.], 5.58703444089789e-24
40, 0.5, 1.7, 0.3, 11, 999, [1.15444539 1.33284617], 0.0238544195203451
40, 0.5, 1.7, 0.3, 12, 999, [1. 1.], 9.069964952925489e-21
40, 0.5, 1.7, 0.3, 13, 999, [1.00395659 1.00793703], 1.5661313489148548e-05
40, 0.5, 1.7, 0.3, 14, 999, [ 3.25847519 10.61935798], 5.100998304806001
40, 0.5, 1.7, 0.3, 15, 999, [1. 1.], 1.068365417297296e-26
40, 0.5, 1.7, 0.3, 16, 999, [1. 1.], 1.464446314832944e-28
40, 0.5, 1.7, 0.3, 17, 999, [1. 1.], 2.183155987936849e-21
40, 0.5, 1.7, 0.3, 18, 999, [1. 1.], 4.437342591868191e-31
40, 0.5, 1.7, 0.3, 19, 999, [1.62258909 2.63387035], 0.3877327328709357
40, 0.5, 1.7, 0.4, 0, 999, [1. 1.], 0.0
40, 0.5, 1.7, 0.4, 1, 999, [1.205825   1.45436579], 0.042376310925444166
40, 0.5, 1.7, 0.4, 2, 999, [1. 1.], 1.434247733304952e-28
40, 0.5, 1.7, 0.4, 3, 999, [1. 1.], 0.0
40, 0.5, 1.7, 0.4, 4, 999, [1. 1.], 1.9721522630525295e-31
40, 0.5, 1.7, 0.4, 5, 999, [ 3.45307987 11.92450538], 6.0176563103865375
40, 0.5, 1.7, 0.4, 6, 999, [1.00201277 1.00403403], 4.053219493990618e-06
40, 0.5, 1.7, 0.4, 7, 999, [1. 1.], 0.0
40, 0.5, 1.7, 0.4, 8, 999, [1. 1.], 0.0
40, 0.5, 1.7, 0.4, 9, 999, [1. 1.], 1.597443333072549e-29
40, 0.5, 1.7, 0.4, 10, 999, [1. 1.], 0.0
40, 0.5, 1.7, 0.4, 11, 999, [1. 1.], 3.0850793843694394e-19
40, 0.5, 1.7, 0.4, 12, 999, [1.06738535 1.13956317], 0.004547119856728492
40, 0.5, 1.7, 0.4, 13, 999, [1. 1.], 2.651011445421129e-26
40, 0.5, 1.7, 0.4, 14, 999, [1. 1.], 1.0680548743133467e-22
40, 0.5, 1.7, 0.4, 15, 999, [1. 1.], 1.1093356479670479e-31
40, 0.5, 1.7, 0.4, 16, 999, [ 3.31963167 11.02153633], 5.380941328401229
40, 0.5, 1.7, 0.4, 17, 999, [1. 1.], 1.0783975093404113e-28
40, 0.5, 1.7, 0.4, 18, 999, [2.40695568 5.79480377], 1.9797114541831187
40, 0.5, 1.7, 0.4, 19, 999, [ 3.47645181 12.08717429], 6.133025882541951
40, 0.5, 1.7, 0.5, 0, 999, [1. 1.], 0.0
40, 0.5, 1.7, 0.5, 1, 999, [1. 1.], 0.0
40, 0.5, 1.7, 0.5, 2, 999, [1. 1.], 0.0
40, 0.5, 1.7, 0.5, 3, 999, [1. 1.], 9.98402083170343e-31
40, 0.5, 1.7, 0.5, 4, 999, [1. 1.], 0.0
40, 0.5, 1.7, 0.5, 5, 999, [1. 1.], 0.0
40, 0.5, 1.7, 0.5, 6, 999, [1. 1.], 0.0
40, 0.5, 1.7, 0.5, 7, 999, [1. 1.], 1.6163896550337627e-22
40, 0.5, 1.7, 0.5, 8, 999, [1. 1.], 0.0
40, 0.5, 1.7, 0.5, 9, 999, [1.38003052 1.90493245], 0.1444432852212035
40, 0.5, 1.7, 0.5, 10, 999, [0.99999617 0.99999232], 1.4715579286755387e-11
40, 0.5, 1.7, 0.5, 11, 999, [1. 1.], 0.0
40, 0.5, 1.7, 0.5, 12, 999, [1.96633221 3.86863701], 0.9342708487580415
40, 0.5, 1.7, 0.5, 13, 999, [1.40050055 1.96199247], 0.16043558157647678
40, 0.5, 1.7, 0.5, 14, 999, [1. 1.], 0.0
40, 0.5, 1.7, 0.5, 15, 999, [1. 1.], 0.0
40, 0.5, 1.7, 0.5, 16, 999, [1. 1.], 0.0
40, 0.5, 1.7, 0.5, 17, 999, [1. 1.], 0.0
40, 0.5, 1.7, 0.5, 18, 999, [1. 1.], 3.9053545189097716e-28
40, 0.5, 1.7, 0.5, 19, 999, [1. 1.], 0.0
40, 0.5, 1.7, 0.6, 0, 637, [1. 1.], 6.035752279549636e-26
40, 0.5, 1.7, 0.6, 1, 999, [1. 1.], 0.0
40, 0.5, 1.7, 0.6, 2, 864, [1. 1.], 0.0
40, 0.5, 1.7, 0.6, 3, 866, [1. 1.], 0.0
40, 0.5, 1.7, 0.6, 4, 419, [1. 1.], 3.6528562763899104e-19
40, 0.5, 1.7, 0.6, 5, 999, [1. 1.], 0.0
40, 0.5, 1.7, 0.6, 6, 825, [1. 1.], 0.0
40, 0.5, 1.7, 0.6, 7, 999, [1.0000007  1.00000119], 4.496386188027171e-12
40, 0.5, 1.7, 0.6, 8, 999, [1. 1.], 0.0
40, 0.5, 1.7, 0.6, 9, 554, [0.99999887 0.99999775], 1.2955561874333524e-12
40, 0.5, 1.7, 0.6, 10, 961, [1. 1.], 0.0
40, 0.5, 1.7, 0.6, 11, 518, [1. 1.], 3.682681681219033e-18
40, 0.5, 1.7, 0.6, 12, 999, [1. 1.], 0.0
40, 0.5, 1.7, 0.6, 13, 999, [1.17808364 1.38837063], 0.031737750653320844
40, 0.5, 1.7, 0.6, 14, 999, [1. 1.], 0.0
40, 0.5, 1.7, 0.6, 15, 999, [1. 1.], 0.0
40, 0.5, 1.7, 0.6, 16, 726, [1. 1.], 7.888609052210118e-31
40, 0.5, 1.7, 0.6, 17, 983, [1. 1.], 0.0
40, 0.5, 1.7, 0.6, 18, 999, [1.32547738 1.75811708], 0.10608602868000083
40, 0.5, 1.7, 0.6, 19, 701, [1. 1.], 0.0
40, 0.5, 1.7, 0.7, 0, 825, [1. 1.], 7.612981860508324e-23
40, 0.5, 1.7, 0.7, 1, 879, [1. 1.], 0.0
40, 0.5, 1.7, 0.7, 2, 454, [1. 1.], 3.204436320440864e-25
40, 0.5, 1.7, 0.7, 3, 372, [1.00000002 1.00000003], 3.8907658735223533e-16
40, 0.5, 1.7, 0.7, 4, 641, [1. 1.], 1.451072657299119e-27
40, 0.5, 1.7, 0.7, 5, 424, [1. 1.], 4.491073865741528e-20
40, 0.5, 1.7, 0.7, 6, 743, [1. 1.], 1.9721522630525295e-31
40, 0.5, 1.7, 0.7, 7, 999, [0.99999995 0.99999991], 2.09979718156424e-15
40, 0.5, 1.7, 0.7, 8, 725, [1.00000593 1.00001198], 3.655698054082979e-11
40, 0.5, 1.7, 0.7, 9, 683, [1. 1.], 2.5785639389998284e-25
40, 0.5, 1.7, 0.7, 10, 464, [1. 1.], 4.400201541336189e-25
40, 0.5, 1.7, 0.7, 11, 740, [1. 1.], 7.099748146989106e-30
40, 0.5, 1.7, 0.7, 12, 427, [1. 1.], 8.147237099986827e-24
40, 0.5, 1.7, 0.7, 13, 999, [1.00001186 1.00002337], 1.534921349988235e-10
40, 0.5, 1.7, 0.7, 14, 398, [1. 1.], 4.220738823092659e-22
40, 0.5, 1.7, 0.7, 15, 740, [1. 1.], 0.0
40, 0.5, 1.7, 0.7, 16, 732, [1. 1.], 4.930380657631324e-32
40, 0.5, 1.7, 0.7, 17, 654, [1. 1.], 1.232595164407831e-32
40, 0.5, 1.7, 0.7, 18, 630, [1. 1.], 8.332343311396937e-30
40, 0.5, 1.7, 0.7, 19, 526, [1. 1.], 1.7694070478459674e-21
40, 0.5, 1.7, 0.8, 0, 608, [1. 1.], 3.2529099741739485e-25
40, 0.5, 1.7, 0.8, 1, 394, [1. 1.], 8.472231570062672e-21
40, 0.5, 1.7, 0.8, 2, 552, [1. 1.], 3.8286403843268734e-25
40, 0.5, 1.7, 0.8, 3, 366, [1. 1.], 1.0240130556411129e-21
40, 0.5, 1.7, 0.8, 4, 466, [1. 1.], 2.999804583822511e-20
40, 0.5, 1.7, 0.8, 5, 451, [1.         0.99999999], 2.068142929704882e-17
40, 0.5, 1.7, 0.8, 6, 488, [1. 1.], 7.142572354860523e-23
40, 0.5, 1.7, 0.8, 7, 504, [1. 1.], 1.6911821953257644e-25
40, 0.5, 1.7, 0.8, 8, 468, [1. 1.], 2.4310327748791085e-25
40, 0.5, 1.7, 0.8, 9, 410, [1. 1.], 2.1373889792756655e-22
40, 0.5, 1.7, 0.8, 10, 491, [1. 1.], 3.170324705326088e-22
40, 0.5, 1.7, 0.8, 11, 433, [1. 1.], 2.4548461084858335e-19
40, 0.5, 1.7, 0.8, 12, 999, [0.99999998 0.99999997], 2.7169676414031684e-16
40, 0.5, 1.7, 0.8, 13, 384, [1. 1.], 1.4155502498742002e-20
40, 0.5, 1.7, 0.8, 14, 456, [1. 1.], 3.0840634629890334e-23
40, 0.5, 1.7, 0.8, 15, 430, [1. 1.], 8.281083303571594e-23
40, 0.5, 1.7, 0.8, 16, 748, [1. 1.], 1.72583795190182e-24
40, 0.5, 1.7, 0.8, 17, 530, [1. 1.], 1.0112260032608421e-26
40, 0.5, 1.7, 0.8, 18, 465, [1. 1.], 6.845266825446782e-23
40, 0.5, 1.7, 0.8, 19, 754, [1. 1.], 0.0
40, 0.5, 1.7, 0.9, 0, 480, [1. 1.], 1.2728467920967331e-26
40, 0.5, 1.7, 0.9, 1, 416, [1. 1.], 1.466329905823687e-19
40, 0.5, 1.7, 0.9, 2, 378, [1. 1.], 1.5543254289423958e-18
40, 0.5, 1.7, 0.9, 3, 302, [0.99999999 0.99999999], 4.065538355622825e-17
40, 0.5, 1.7, 0.9, 4, 724, [1. 1.], 2.0941279028529695e-20
40, 0.5, 1.7, 0.9, 5, 404, [1. 1.], 2.601493429212681e-22
40, 0.5, 1.7, 0.9, 6, 361, [1. 1.], 8.405596011792678e-19
40, 0.5, 1.7, 0.9, 7, 609, [1. 1.], 8.96946060231517e-19
40, 0.5, 1.7, 0.9, 8, 566, [1. 1.], 1.464446314832944e-28
40, 0.5, 1.7, 0.9, 9, 394, [1.00000001 1.00000003], 2.4294774917976565e-16
40, 0.5, 1.7, 0.9, 10, 487, [1. 1.], 7.500609048572328e-24
40, 0.5, 1.7, 0.9, 11, 511, [1. 1.], 9.025684809710241e-21
40, 0.5, 1.7, 0.9, 12, 665, [1. 1.], 5.429474027990903e-20
40, 0.5, 1.7, 0.9, 13, 365, [1. 1.], 4.127991347286761e-21
40, 0.5, 1.7, 0.9, 14, 640, [1. 1.], 0.0
40, 0.5, 1.7, 0.9, 15, 301, [1. 1.], 2.6062721773690416e-20
40, 0.5, 1.7, 0.9, 16, 485, [1. 1.], 9.009509894085772e-22
40, 0.5, 1.7, 0.9, 17, 548, [1. 1.], 1.0285000652113966e-23
40, 0.5, 1.7, 0.9, 18, 350, [1. 1.], 2.589140947683322e-22
40, 0.5, 1.7, 0.9, 19, 999, [1.02202811 1.04480133], 0.0004919908047958471
40, 0.5, 1.7, 1.0, 0, 586, [1. 1.], 7.615598591017033e-25
40, 0.5, 1.7, 1.0, 1, 339, [0.99999999 0.99999999], 3.87277072328178e-17
40, 0.5, 1.7, 1.0, 2, 452, [1. 1.], 1.5008706864713113e-18
40, 0.5, 1.7, 1.0, 3, 510, [1. 1.], 4.230870575878236e-27
40, 0.5, 1.7, 1.0, 4, 353, [1. 1.], 5.881141675717071e-21
40, 0.5, 1.7, 1.0, 5, 487, [1. 1.], 1.1534656363407592e-25
40, 0.5, 1.7, 1.0, 6, 600, [1. 1.], 3.546718629873669e-27
40, 0.5, 1.7, 1.0, 7, 460, [1. 1.], 5.1056113165841987e-26
40, 0.5, 1.7, 1.0, 8, 339, [1. 1.], 1.4132316893866172e-21
40, 0.5, 1.7, 1.0, 9, 348, [1. 1.], 1.1106353475843583e-22
40, 0.5, 1.7, 1.0, 10, 641, [1. 1.], 1.2967446065315985e-21
40, 0.5, 1.7, 1.0, 11, 573, [1. 1.], 5.122323458120822e-23
40, 0.5, 1.7, 1.0, 12, 512, [1. 1.], 9.389082891103538e-26
40, 0.5, 1.7, 1.0, 13, 316, [1. 1.], 2.0538621491753116e-19
40, 0.5, 1.7, 1.0, 14, 953, [1. 1.], 3.388404106957127e-27
40, 0.5, 1.7, 1.0, 15, 375, [1. 1.], 9.558355169020255e-21
40, 0.5, 1.7, 1.0, 16, 432, [1. 1.], 1.416984177502541e-22
40, 0.5, 1.7, 1.0, 17, 454, [1. 1.], 1.601509002445736e-19
40, 0.5, 1.7, 1.0, 18, 543, [1. 1.], 7.807265493370691e-21
40, 0.5, 1.7, 1.0, 19, 338, [1. 1.], 1.099949793735718e-22
40, 0.5, 1.7, 1.1, 0, 774, [1. 1.], 3.490025821993831e-21
40, 0.5, 1.7, 1.1, 1, 462, [1. 1.], 7.888609052210118e-29
40, 0.5, 1.7, 1.1, 2, 534, [1. 1.], 1.3435287292045357e-30
40, 0.5, 1.7, 1.1, 3, 458, [1. 1.], 4.754070245314428e-27
40, 0.5, 1.7, 1.1, 4, 334, [1. 1.], 3.66561120483014e-20
40, 0.5, 1.7, 1.1, 5, 443, [1. 1.], 1.2217683566324637e-24
40, 0.5, 1.7, 1.1, 6, 414, [1. 1.], 6.474714655538584e-20
40, 0.5, 1.7, 1.1, 7, 511, [1. 1.], 1.294748263843957e-20
40, 0.5, 1.7, 1.1, 8, 579, [1. 1.], 5.076323006585122e-25
40, 0.5, 1.7, 1.1, 9, 295, [1. 1.], 1.483653625465792e-19
40, 0.5, 1.7, 1.1, 10, 307, [1. 1.], 5.926734849279447e-19
40, 0.5, 1.7, 1.1, 11, 466, [1. 1.], 2.7712516329788327e-18
40, 0.5, 1.7, 1.1, 12, 341, [1. 1.], 8.256661674254394e-21
40, 0.5, 1.7, 1.1, 13, 361, [1. 1.], 6.478466100933233e-22
40, 0.5, 1.7, 1.1, 14, 509, [1. 1.], 2.1464853331157947e-18
40, 0.5, 1.7, 1.1, 15, 496, [1. 1.], 8.50538283029947e-23
40, 0.5, 1.7, 1.1, 16, 376, [1. 1.], 2.3636302760283867e-22
40, 0.5, 1.7, 1.1, 17, 907, [1. 1.], 8.085824278515371e-30
40, 0.5, 1.7, 1.1, 18, 305, [1.00000003 1.00000006], 1.042168357898154e-15
40, 0.5, 1.7, 1.1, 19, 324, [1.         0.99999999], 7.044743393289926e-18
40, 0.5, 1.7, 1.2, 0, 736, [1. 1.], 9.175630207689604e-21
40, 0.5, 1.7, 1.2, 1, 333, [1. 1.], 1.4933999899731635e-20
40, 0.5, 1.7, 1.2, 2, 372, [1. 1.], 4.0661080487967225e-20
40, 0.5, 1.7, 1.2, 3, 437, [1. 1.], 9.27951760554694e-22
40, 0.5, 1.7, 1.2, 4, 364, [1. 1.], 2.6996915588442517e-27
40, 0.5, 1.7, 1.2, 5, 396, [1. 1.], 1.109000382082329e-21
40, 0.5, 1.7, 1.2, 6, 403, [1. 1.], 1.0452053378526215e-21
40, 0.5, 1.7, 1.2, 7, 353, [1. 1.], 7.122262691876208e-19
40, 0.5, 1.7, 1.2, 8, 288, [1. 1.], 2.485260876667467e-22
40, 0.5, 1.7, 1.2, 9, 390, [1. 1.], 6.610096567414855e-23
40, 0.5, 1.7, 1.2, 10, 465, [1. 1.], 1.7190961381739588e-22
40, 0.5, 1.7, 1.2, 11, 269, [1. 1.], 3.227614551451708e-21
40, 0.5, 1.7, 1.2, 12, 377, [1. 1.], 3.620229668164285e-21
40, 0.5, 1.7, 1.2, 13, 328, [1. 1.], 4.5170005281536866e-18
40, 0.5, 1.7, 1.2, 14, 445, [1. 1.], 1.8771329766235137e-20
40, 0.5, 1.7, 1.2, 15, 357, [1. 1.], 5.668536820886921e-19
40, 0.5, 1.7, 1.2, 16, 416, [1. 1.], 9.347861704058313e-25
40, 0.5, 1.7, 1.2, 17, 423, [1. 1.], 1.4767722664770223e-28
40, 0.5, 1.7, 1.2, 18, 310, [1.0000002  1.00000039], 3.960726329548011e-14
40, 0.5, 1.7, 1.2, 19, 375, [1. 1.], 3.1602960078500555e-21
40, 0.5, 1.7, 1.3, 0, 646, [1. 1.], 0.0
40, 0.5, 1.7, 1.3, 1, 371, [1. 1.], 5.676953347878826e-22
40, 0.5, 1.7, 1.3, 2, 361, [1. 1.], 2.2274168212040845e-20
40, 0.5, 1.7, 1.3, 3, 373, [1. 1.], 6.228304216243433e-24
40, 0.5, 1.7, 1.3, 4, 750, [1. 1.], 1.2883089588771307e-22
40, 0.5, 1.7, 1.3, 5, 343, [1. 1.], 6.815955283802196e-21
40, 0.5, 1.7, 1.3, 6, 353, [1. 1.], 4.7724038855113524e-23
40, 0.5, 1.7, 1.3, 7, 758, [1. 1.], 6.232604437553642e-23
40, 0.5, 1.7, 1.3, 8, 363, [1. 1.], 2.0378286886062355e-18
40, 0.5, 1.7, 1.3, 9, 288, [0.99999986 0.99999972], 1.9518918852928853e-14
40, 0.5, 1.7, 1.3, 10, 482, [1. 1.], 2.1381132545652916e-19
40, 0.5, 1.7, 1.3, 11, 590, [1. 1.], 8.865772916579405e-18
40, 0.5, 1.7, 1.3, 12, 896, [1. 1.], 5.652385601134855e-27
40, 0.5, 1.7, 1.3, 13, 392, [1. 1.], 1.6053716267586723e-23
40, 0.5, 1.7, 1.3, 14, 369, [1. 1.], 1.4947676672766534e-22
40, 0.5, 1.7, 1.3, 15, 276, [1. 1.], 1.8821678856701002e-24
40, 0.5, 1.7, 1.3, 16, 630, [1. 1.], 7.852892709022493e-18
40, 0.5, 1.7, 1.3, 17, 361, [1. 1.], 1.3858292258795231e-21
40, 0.5, 1.7, 1.3, 18, 309, [0.99999998 0.99999996], 4.2548907502849766e-16
40, 0.5, 1.7, 1.3, 19, 365, [1. 1.], 2.6895995631691842e-22
40, 0.5, 1.7, 1.4, 0, 308, [1. 1.], 5.0777119932331965e-18
40, 0.5, 1.7, 1.4, 1, 565, [1. 1.], 1.9721522630525295e-31
40, 0.5, 1.7, 1.4, 2, 476, [1. 1.], 1.7058183366640477e-19
40, 0.5, 1.7, 1.4, 3, 401, [1. 1.], 5.678332222383705e-25
40, 0.5, 1.7, 1.4, 4, 539, [1. 1.], 1.6602962694302922e-24
40, 0.5, 1.7, 1.4, 5, 363, [0.99999995 0.9999999 ], 2.3504702068999443e-15
40, 0.5, 1.7, 1.4, 6, 677, [1. 1.], 4.457705129619901e-21
40, 0.5, 1.7, 1.4, 7, 414, [1. 1.], 9.038114257780091e-20
40, 0.5, 1.7, 1.4, 8, 593, [1. 1.], 1.8161687827773777e-18
40, 0.5, 1.7, 1.4, 9, 496, [1.00000001 1.00000002], 6.845361547522095e-17
40, 0.5, 1.7, 1.4, 10, 402, [1. 1.], 3.863024242735612e-25
40, 0.5, 1.7, 1.4, 11, 523, [1. 1.], 8.69278691957078e-23
40, 0.5, 1.7, 1.4, 12, 463, [1. 1.], 3.2162918644663976e-24
40, 0.5, 1.7, 1.4, 13, 359, [1. 1.], 1.4115250879681266e-23
40, 0.5, 1.7, 1.4, 14, 539, [1.         1.00000001], 2.5710565866622795e-17
40, 0.5, 1.7, 1.4, 15, 447, [1. 1.], 6.173006982793021e-19
40, 0.5, 1.7, 1.4, 16, 442, [1. 1.], 1.115498623789087e-27
40, 0.5, 1.7, 1.4, 17, 361, [0.99999999 0.99999998], 6.309162279272055e-17
40, 0.5, 1.7, 1.4, 18, 684, [1. 1.], 1.276811987962392e-18
40, 0.5, 1.7, 1.4, 19, 389, [1. 1.], 1.96825178468009e-23
40, 0.5, 1.7, 1.5, 0, 361, [1. 1.], 4.963422400848034e-19
40, 0.5, 1.7, 1.5, 1, 366, [1. 1.], 1.015783435609677e-19
40, 0.5, 1.7, 1.5, 2, 545, [1. 1.], 1.4259847987092112e-18
40, 0.5, 1.7, 1.5, 3, 372, [1. 1.], 3.3582728792064575e-20
40, 0.5, 1.7, 1.5, 4, 353, [1. 1.], 3.510173604381898e-21
40, 0.5, 1.7, 1.5, 5, 386, [1. 1.], 1.7311358115003487e-20
40, 0.5, 1.7, 1.5, 6, 442, [1. 1.], 6.567299556755741e-23
40, 0.5, 1.7, 1.5, 7, 428, [1. 1.], 9.49469704550871e-16
40, 0.5, 1.7, 1.5, 8, 365, [0.99999999 0.99999997], 1.843179741023134e-16
40, 0.5, 1.7, 1.5, 9, 282, [1. 1.], 1.438988459540221e-19
40, 0.5, 1.7, 1.5, 10, 314, [1. 1.], 3.9769579753274217e-20
40, 0.5, 1.7, 1.5, 11, 381, [1. 1.], 3.7585205935676953e-20
40, 0.5, 1.7, 1.5, 12, 356, [1.         0.99999999], 2.2728292927875678e-17
40, 0.5, 1.7, 1.5, 13, 356, [1. 1.], 5.8032042558578745e-18
40, 0.5, 1.7, 1.5, 14, 695, [1. 1.], 2.060900298178293e-19
40, 0.5, 1.7, 1.5, 15, 462, [1. 1.], 3.415878653171778e-25
40, 0.5, 1.7, 1.5, 16, 446, [1. 1.], 3.628817220629336e-18
40, 0.5, 1.7, 1.5, 17, 545, [1. 1.], 3.06449781927338e-24
40, 0.5, 1.7, 1.5, 18, 515, [1. 1.], 2.697374970188457e-24
40, 0.5, 1.7, 1.5, 19, 489, [1. 1.], 4.6985344375868684e-26
40, 0.5, 1.7, 1.6, 0, 548, [1. 1.], 3.584697110773015e-20
40, 0.5, 1.7, 1.6, 1, 404, [1. 1.], 4.9495367377811916e-21
40, 0.5, 1.7, 1.6, 2, 392, [1. 1.], 3.3447833279279575e-20
40, 0.5, 1.7, 1.6, 3, 404, [1.         1.00000001], 1.4975230127588805e-17
40, 0.5, 1.7, 1.6, 4, 494, [1. 1.], 1.1653589549756698e-20
40, 0.5, 1.7, 1.6, 5, 591, [1. 1.], 9.492336469698212e-20
40, 0.5, 1.7, 1.6, 6, 374, [1. 1.], 2.01395907160339e-21
40, 0.5, 1.7, 1.6, 7, 380, [1. 1.], 1.5619635156316054e-22
40, 0.5, 1.7, 1.6, 8, 305, [1.         1.00000001], 6.279736358472027e-17
40, 0.5, 1.7, 1.6, 9, 298, [0.99999999 0.99999997], 2.1458827418630722e-16
40, 0.5, 1.7, 1.6, 10, 370, [1. 1.], 2.158837718823933e-21
40, 0.5, 1.7, 1.6, 11, 403, [1. 1.], 2.4035095301557846e-20
40, 0.5, 1.7, 1.6, 12, 441, [1. 1.], 5.2713895902561115e-21
40, 0.5, 1.7, 1.6, 13, 433, [1. 1.], 2.2741964540394345e-24
40, 0.5, 1.7, 1.6, 14, 400, [1. 1.], 3.4254470922178495e-24
40, 0.5, 1.7, 1.6, 15, 364, [1. 1.], 7.093737318312564e-20
40, 0.5, 1.7, 1.6, 16, 460, [1. 1.], 1.4914132241049826e-20
40, 0.5, 1.7, 1.6, 17, 553, [1. 1.], 1.1379762292072282e-26
40, 0.5, 1.7, 1.6, 18, 518, [1. 1.], 7.835320709201533e-24
40, 0.5, 1.7, 1.6, 19, 521, [1. 1.], 1.9731049358551003e-25
40, 0.5, 1.7, 1.7, 0, 488, [1. 1.], 5.377245215497673e-25
40, 0.5, 1.7, 1.7, 1, 411, [1. 1.], 6.226473352649528e-19
40, 0.5, 1.7, 1.7, 2, 434, [1. 1.], 6.147047533373599e-21
40, 0.5, 1.7, 1.7, 3, 407, [1. 1.], 4.933950892204782e-22
40, 0.5, 1.7, 1.7, 4, 415, [1. 1.], 3.329255439543172e-23
40, 0.5, 1.7, 1.7, 5, 649, [1. 1.], 6.015064402310215e-28
40, 0.5, 1.7, 1.7, 6, 377, [0.99999999 0.99999998], 9.309702655021647e-17
40, 0.5, 1.7, 1.7, 7, 496, [1. 1.], 2.9780087908847523e-23
40, 0.5, 1.7, 1.7, 8, 632, [1. 1.], 1.6879149559594877e-20
40, 0.5, 1.7, 1.7, 9, 453, [1. 1.], 4.467213796120517e-25
40, 0.5, 1.7, 1.7, 10, 565, [1. 1.], 8.332343311396937e-30
40, 0.5, 1.7, 1.7, 11, 424, [1. 1.], 1.4607821491618138e-19
40, 0.5, 1.7, 1.7, 12, 408, [1. 1.], 5.240834295194502e-22
40, 0.5, 1.7, 1.7, 13, 368, [1. 1.], 2.7703159268091213e-19
40, 0.5, 1.7, 1.7, 14, 308, [1. 1.], 4.79984740918419e-20
40, 0.5, 1.7, 1.7, 15, 324, [0.99999999 0.99999998], 7.547877982498649e-17
40, 0.5, 1.7, 1.7, 16, 645, [1. 1.], 5.965760595733902e-30
40, 0.5, 1.7, 1.7, 17, 438, [1. 1.], 6.157678621060596e-25
40, 0.5, 1.7, 1.7, 18, 389, [1. 1.], 4.927338809077903e-18
40, 0.5, 1.7, 1.7, 19, 547, [1. 1.], 3.7555498330083014e-26
40, 0.5, 1.7, 1.8, 0, 558, [1. 1.], 7.099748146989106e-30
40, 0.5, 1.7, 1.8, 1, 618, [1. 1.], 1.1208191520613082e-20
40, 0.5, 1.7, 1.8, 2, 454, [1. 1.], 2.209497052654515e-22
40, 0.5, 1.7, 1.8, 3, 354, [1. 1.], 4.2256024987814807e-20
40, 0.5, 1.7, 1.8, 4, 420, [1. 1.], 1.8565605534965852e-23
40, 0.5, 1.7, 1.8, 5, 384, [1. 1.], 2.878972611438975e-20
40, 0.5, 1.7, 1.8, 6, 799, [1. 1.], 1.6438962107834087e-19
40, 0.5, 1.7, 1.8, 7, 602, [1. 1.], 7.717159995221646e-26
40, 0.5, 1.7, 1.8, 8, 744, [1. 1.], 2.702527516966291e-19
40, 0.5, 1.7, 1.8, 9, 477, [1. 1.], 3.293791531947573e-24
40, 0.5, 1.7, 1.8, 10, 365, [1. 1.], 3.216468187204666e-22
40, 0.5, 1.7, 1.8, 11, 344, [1. 1.], 9.996013434665468e-19
40, 0.5, 1.7, 1.8, 12, 546, [1. 1.], 4.418638699805401e-25
40, 0.5, 1.7, 1.8, 13, 373, [1. 1.], 8.823412536549395e-19
40, 0.5, 1.7, 1.8, 14, 445, [1. 1.], 2.609631253599695e-22
40, 0.5, 1.7, 1.8, 15, 392, [1. 1.], 5.160789223406892e-21
40, 0.5, 1.7, 1.8, 16, 302, [1. 1.], 7.109184151476736e-19
40, 0.5, 1.7, 1.8, 17, 391, [1. 1.], 2.636137684566517e-22
40, 0.5, 1.7, 1.8, 18, 383, [1. 1.], 2.2646030288911243e-19
40, 0.5, 1.7, 1.8, 19, 458, [1. 1.], 1.7217304751952553e-23
40, 0.5, 1.7, 1.9, 0, 510, [1. 1.], 3.9686132058741153e-23
40, 0.5, 1.7, 1.9, 1, 400, [1. 1.], 3.736979110527074e-22
40, 0.5, 1.7, 1.9, 2, 354, [1. 1.], 9.207127143629848e-24
40, 0.5, 1.7, 1.9, 3, 631, [1. 1.], 2.937286129418962e-23
40, 0.5, 1.7, 1.9, 4, 584, [1. 1.], 1.1093356479670479e-29
40, 0.5, 1.7, 1.9, 5, 497, [1. 1.], 2.7893709278119567e-20
40, 0.5, 1.7, 1.9, 6, 432, [1. 1.], 2.2114383732751633e-23
40, 0.5, 1.7, 1.9, 7, 349, [1. 1.], 2.4361337569688486e-20
40, 0.5, 1.7, 1.9, 8, 617, [1. 1.], 3.276250272947659e-27
40, 0.5, 1.7, 1.9, 9, 435, [1. 1.], 2.688159077814094e-21
40, 0.5, 1.7, 1.9, 10, 528, [1. 1.], 1.3627644470341252e-19
40, 0.5, 1.7, 1.9, 11, 407, [1. 1.], 2.699051272440724e-20
40, 0.5, 1.7, 1.9, 12, 505, [1. 1.], 5.082037826212822e-22
40, 0.5, 1.7, 1.9, 13, 484, [1. 1.], 2.1429318236515014e-24
40, 0.5, 1.7, 1.9, 14, 551, [1. 1.], 1.8224659062868425e-27
40, 0.5, 1.7, 1.9, 15, 632, [1. 1.], 4.512545688039042e-24
40, 0.5, 1.7, 1.9, 16, 416, [1. 1.], 1.366792144854866e-23
40, 0.5, 1.7, 1.9, 17, 650, [1. 1.], 2.077644259901601e-22
40, 0.5, 1.7, 1.9, 18, 563, [1.00000001 1.00000001], 4.2697854089419706e-17
40, 0.5, 1.7, 1.9, 19, 496, [1. 1.], 5.461738632872079e-23
40, 0.5, 1.7, 2.0, 0, 622, [1. 1.], 4.429731316727973e-26
40, 0.5, 1.7, 2.0, 1, 445, [1. 1.], 6.013101438955859e-19
40, 0.5, 1.7, 2.0, 2, 468, [1. 1.], 7.38272685179579e-25
40, 0.5, 1.7, 2.0, 3, 466, [1. 1.], 5.443082623823141e-20
40, 0.5, 1.7, 2.0, 4, 482, [1. 1.], 1.3212959382900473e-19
40, 0.5, 1.7, 2.0, 5, 455, [1. 1.], 6.462205357316231e-24
40, 0.5, 1.7, 2.0, 6, 539, [1. 1.], 3.8008304489679875e-25
40, 0.5, 1.7, 2.0, 7, 408, [0.99999998 0.99999996], 4.905577691380222e-16
40, 0.5, 1.7, 2.0, 8, 604, [1. 1.], 2.132973391495411e-25
40, 0.5, 1.7, 2.0, 9, 503, [1. 1.], 2.5789684890587387e-24
40, 0.5, 1.7, 2.0, 10, 660, [1. 1.], 2.830310378391364e-23
40, 0.5, 1.7, 2.0, 11, 500, [1. 1.], 1.2316274988107183e-22
40, 0.5, 1.7, 2.0, 12, 365, [1. 1.], 1.110654432300798e-18
40, 0.5, 1.7, 2.0, 13, 615, [1. 1.], 4.310151096852947e-27
40, 0.5, 1.7, 2.0, 14, 434, [1. 1.], 2.0031951471231994e-22
40, 0.5, 1.7, 2.0, 15, 447, [1. 1.], 1.3839721487010197e-25
40, 0.5, 1.7, 2.0, 16, 665, [1. 1.], 2.0732250665339717e-26
40, 0.5, 1.7, 2.0, 17, 441, [1. 1.], 2.0839833997573927e-19
40, 0.5, 1.7, 2.0, 18, 517, [1. 1.], 5.299961991727368e-27
40, 0.5, 1.7, 2.0, 19, 627, [1. 1.], 1.4462853809400754e-25
40, 0.5, 1.7, 2.1, 0, 482, [1. 1.], 4.228221728869923e-26
40, 0.5, 1.7, 2.1, 1, 651, [1. 1.], 1.261057940837317e-22
40, 0.5, 1.7, 2.1, 2, 447, [1. 1.], 8.58446514194755e-21
40, 0.5, 1.7, 2.1, 3, 432, [1. 1.], 1.163866202354475e-22
40, 0.5, 1.7, 2.1, 4, 641, [1. 1.], 3.837297516464092e-25
40, 0.5, 1.7, 2.1, 5, 644, [1. 1.], 8.114873245157575e-22
40, 0.5, 1.7, 2.1, 6, 487, [1. 1.], 2.7799080167402147e-21
40, 0.5, 1.7, 2.1, 7, 533, [1. 1.], 4.8992595525784825e-24
40, 0.5, 1.7, 2.1, 8, 488, [1. 1.], 9.074486315810473e-23
40, 0.5, 1.7, 2.1, 9, 528, [1. 1.], 2.8263369770956183e-20
40, 0.5, 1.7, 2.1, 10, 450, [1. 1.], 4.440907928108466e-22
40, 0.5, 1.7, 2.1, 11, 493, [1. 1.], 5.468094608444961e-23
40, 0.5, 1.7, 2.1, 12, 481, [1. 1.], 4.234843464902501e-20
40, 0.5, 1.7, 2.1, 13, 578, [1. 1.], 3.018359317079266e-26
40, 0.5, 1.7, 2.1, 14, 559, [1. 1.], 7.027025032289044e-27
40, 0.5, 1.7, 2.1, 15, 522, [1. 1.], 7.213073231010986e-20
40, 0.5, 1.7, 2.1, 16, 719, [1. 1.], 3.993608332681372e-30
40, 0.5, 1.7, 2.1, 17, 527, [1. 1.], 1.7601841283479645e-21
40, 0.5, 1.7, 2.1, 18, 767, [1. 1.], 1.506852518869231e-26
40, 0.5, 1.7, 2.1, 19, 449, [1. 1.], 2.370093567795081e-21
40, 0.5, 1.7, 2.2, 0, 567, [1. 1.], 3.681707132398885e-23
40, 0.5, 1.7, 2.2, 1, 479, [1. 1.], 8.775202736165818e-24
40, 0.5, 1.7, 2.2, 2, 504, [1. 1.], 1.1556337264478677e-19
40, 0.5, 1.7, 2.2, 3, 661, [1. 1.], 1.9486650389352219e-25
40, 0.5, 1.7, 2.2, 4, 999, [1. 1.], 4.558679259852498e-27
40, 0.5, 1.7, 2.2, 5, 919, [1. 1.], 2.905457983127913e-23
40, 0.5, 1.7, 2.2, 6, 650, [1. 1.], 2.750549634440668e-20
40, 0.5, 1.7, 2.2, 7, 895, [1. 1.], 5.69952004022181e-29
40, 0.5, 1.7, 2.2, 8, 676, [1. 1.], 1.7878327875535767e-23
40, 0.5, 1.7, 2.2, 9, 503, [1. 1.], 1.4583387133486658e-23
40, 0.5, 1.7, 2.2, 10, 782, [1. 1.], 3.349968836432877e-23
40, 0.5, 1.7, 2.2, 11, 715, [1. 1.], 3.0153419241167955e-26
40, 0.5, 1.7, 2.2, 12, 999, [1. 1.], 9.55764598078616e-21
40, 0.5, 1.7, 2.2, 13, 659, [1. 1.], 6.521217280622647e-25
40, 0.5, 1.7, 2.2, 14, 607, [1. 1.], 3.6796054294536727e-22
40, 0.5, 1.7, 2.2, 15, 710, [1. 1.], 2.21714287793023e-27
40, 0.5, 1.7, 2.2, 16, 640, [1. 1.], 1.8047214663000274e-26
40, 0.5, 1.7, 2.2, 17, 532, [1. 1.], 1.1225549602425345e-21
40, 0.5, 1.7, 2.2, 18, 542, [1. 1.], 1.3567329049032546e-25
40, 0.5, 1.7, 2.2, 19, 529, [1. 1.], 3.638558486991269e-21
40, 0.5, 1.7, 2.3, 0, 679, [1. 1.], 1.1295182844485781e-25
40, 0.5, 1.7, 2.3, 1, 567, [1. 1.], 1.6536304437697943e-18
40, 0.5, 1.7, 2.3, 2, 923, [1. 1.], 7.87363824716606e-24
40, 0.5, 1.7, 2.3, 3, 562, [1. 1.], 2.1316695678735255e-21
40, 0.5, 1.7, 2.3, 4, 560, [1. 1.], 4.058175518020348e-23
40, 0.5, 1.7, 2.3, 5, 652, [1. 1.], 1.0742194436837182e-21
40, 0.5, 1.7, 2.3, 6, 579, [1. 1.], 2.232754008976168e-19
40, 0.5, 1.7, 2.3, 7, 662, [1. 1.], 9.396245900471708e-22
40, 0.5, 1.7, 2.3, 8, 950, [1. 1.], 0.0
40, 0.5, 1.7, 2.3, 9, 740, [1. 1.], 4.981578047896682e-22
40, 0.5, 1.7, 2.3, 10, 543, [1. 1.], 2.9884145986868984e-20
40, 0.5, 1.7, 2.3, 11, 592, [1. 1.], 5.431502921613709e-20
40, 0.5, 1.7, 2.3, 12, 683, [1. 1.], 2.9981301329972064e-22
40, 0.5, 1.7, 2.3, 13, 672, [1. 1.], 1.144256969341875e-20
40, 0.5, 1.7, 2.3, 14, 978, [1. 1.], 5.857785259331776e-28
40, 0.5, 1.7, 2.3, 15, 793, [1. 1.], 1.8877672610509994e-21
40, 0.5, 1.7, 2.3, 16, 866, [1. 1.], 2.0810158568339344e-24
40, 0.5, 1.7, 2.3, 17, 861, [1. 1.], 4.365108976071071e-21
40, 0.5, 1.7, 2.3, 18, 757, [1. 1.], 1.1285937591891817e-23
40, 0.5, 1.7, 2.3, 19, 752, [1. 1.], 7.028712997410991e-24
40, 0.5, 1.7, 2.4, 0, 649, [1. 1.], 3.547703242914735e-21
40, 0.5, 1.7, 2.4, 1, 599, [1. 1.], 1.2472029163135344e-19
40, 0.5, 1.7, 2.4, 2, 896, [1. 1.], 6.446768532692414e-27
40, 0.5, 1.7, 2.4, 3, 999, [1. 1.], 9.376258971013039e-26
40, 0.5, 1.7, 2.4, 4, 629, [1. 1.], 5.167145299251391e-21
40, 0.5, 1.7, 2.4, 5, 656, [1. 1.], 1.626113015884561e-24
40, 0.5, 1.7, 2.4, 6, 871, [1. 1.], 1.2684071006715196e-22
40, 0.5, 1.7, 2.4, 7, 805, [1. 1.], 2.9291391486987695e-28
40, 0.5, 1.7, 2.4, 8, 999, [1. 1.], 1.4306287283921046e-22
40, 0.5, 1.7, 2.4, 9, 788, [1. 1.], 3.442719152433857e-25
40, 0.5, 1.7, 2.4, 10, 616, [1. 1.], 6.948338918006417e-24
40, 0.5, 1.7, 2.4, 11, 999, [1. 1.], 1.9721522630525295e-31
40, 0.5, 1.7, 2.4, 12, 882, [1. 1.], 3.9936083326813723e-28
40, 0.5, 1.7, 2.4, 13, 715, [1. 1.], 2.2877794555359824e-23
40, 0.5, 1.7, 2.4, 14, 728, [1. 1.], 4.24721933603444e-22
40, 0.5, 1.7, 2.4, 15, 634, [1. 1.], 7.800651061277975e-27
40, 0.5, 1.7, 2.4, 16, 600, [1. 1.], 1.1384684488298022e-23
40, 0.5, 1.7, 2.4, 17, 740, [1. 1.], 3.623854435262311e-24
40, 0.5, 1.7, 2.4, 18, 628, [1. 1.], 9.792953215812157e-22
40, 0.5, 1.7, 2.4, 19, 678, [1. 1.], 4.369068164565891e-23
40, 0.5, 1.7, 2.5, 0, 642, [1. 1.], 1.9394908406453649e-22
40, 0.5, 1.7, 2.5, 1, 999, [1. 1.], 3.3573928014815315e-24
40, 0.5, 1.7, 2.5, 2, 888, [1. 1.], 5.62303627767514e-26
40, 0.5, 1.7, 2.5, 3, 751, [1. 1.], 1.1069801720574006e-18
40, 0.5, 1.7, 2.5, 4, 788, [1. 1.], 2.2381305716174416e-24
40, 0.5, 1.7, 2.5, 5, 949, [1. 1.], 1.135959703518257e-26
40, 0.5, 1.7, 2.5, 6, 925, [1. 1.], 2.2318928623179892e-23
40, 0.5, 1.7, 2.5, 7, 999, [1. 1.], 8.985618748533088e-28
40, 0.5, 1.7, 2.5, 8, 999, [1. 1.], 1.921326398663399e-24
40, 0.5, 1.7, 2.5, 9, 999, [1. 1.], 4.35845650134609e-29
40, 0.5, 1.7, 2.5, 10, 999, [1. 1.], 7.200150911739176e-25
40, 0.5, 1.7, 2.5, 11, 999, [1. 1.], 5.814171082452085e-23
40, 0.5, 1.7, 2.5, 12, 816, [1. 1.], 3.5947831083577484e-22
40, 0.5, 1.7, 2.5, 13, 999, [1. 1.], 8.378831870617743e-24
40, 0.5, 1.7, 2.5, 14, 983, [1. 1.], 3.4725706351635516e-26
40, 0.5, 1.7, 2.5, 15, 903, [1. 1.], 2.8932706294145016e-26
40, 0.5, 1.7, 2.5, 16, 710, [1. 1.], 3.33289443628677e-22
40, 0.5, 1.7, 2.5, 17, 749, [1. 1.], 6.258311275902184e-23
40, 0.5, 1.7, 2.5, 18, 936, [1. 1.], 4.2977658684748175e-23
40, 0.5, 1.7, 2.5, 19, 930, [1. 1.], 1.932332778297888e-23
40, 0.5, 1.7, 2.6, 0, 999, [1. 1.], 8.085824278515371e-30
40, 0.5, 1.7, 2.6, 1, 999, [1. 1.], 1.7244958635340206e-21
40, 0.5, 1.7, 2.6, 2, 999, [1. 1.], 1.232418163742222e-25
40, 0.5, 1.7, 2.6, 3, 999, [1. 1.], 1.010963218902171e-23
40, 0.5, 1.7, 2.6, 4, 879, [1.         0.99999999], 2.382359539277667e-17
40, 0.5, 1.7, 2.6, 5, 999, [1. 1.], 1.5500636075478763e-26
40, 0.5, 1.7, 2.6, 6, 971, [1. 1.], 2.5536496605745953e-23
40, 0.5, 1.7, 2.6, 7, 999, [1. 1.], 1.1056623176549243e-22
40, 0.5, 1.7, 2.6, 8, 999, [1.         0.99999999], 8.920706890835126e-18
40, 0.5, 1.7, 2.6, 9, 999, [1. 1.], 7.179036470784247e-22
40, 0.5, 1.7, 2.6, 10, 999, [1. 1.], 1.8070678960847524e-22
40, 0.5, 1.7, 2.6, 11, 999, [1. 1.], 7.789460699558866e-23
40, 0.5, 1.7, 2.6, 12, 876, [1. 1.], 1.0404550611777706e-21
40, 0.5, 1.7, 2.6, 13, 999, [1. 1.], 1.0792713607637061e-22
40, 0.5, 1.7, 2.6, 14, 999, [1. 1.], 2.595228660147613e-21
40, 0.5, 1.7, 2.6, 15, 999, [1. 1.], 2.6485054483037622e-22
40, 0.5, 1.7, 2.6, 16, 991, [1. 1.], 1.6663975247751069e-22
40, 0.5, 1.7, 2.6, 17, 986, [1. 1.], 4.677156307055379e-27
40, 0.5, 1.7, 2.6, 18, 999, [1. 1.], 4.954539522853717e-28
40, 0.5, 1.7, 2.6, 19, 999, [1. 1.], 4.36876099692054e-27
40, 0.5, 1.7, 2.7, 0, 999, [1. 1.], 2.2967078276346998e-23
40, 0.5, 1.7, 2.7, 1, 999, [1. 1.], 1.1327174912683298e-20
40, 0.5, 1.7, 2.7, 2, 999, [1. 1.], 4.442177520356291e-24
40, 0.5, 1.7, 2.7, 3, 999, [1. 1.], 5.153926878154534e-22
40, 0.5, 1.7, 2.7, 4, 999, [1. 1.], 1.4692687993484125e-21
40, 0.5, 1.7, 2.7, 5, 999, [1. 1.], 1.609345647556748e-20
40, 0.5, 1.7, 2.7, 6, 999, [1.00000001 1.00000001], 4.6636635388657094e-17
40, 0.5, 1.7, 2.7, 7, 999, [1. 1.], 5.815542250895256e-25
40, 0.5, 1.7, 2.7, 8, 999, [1. 1.], 4.570981610996964e-21
40, 0.5, 1.7, 2.7, 9, 999, [1. 1.], 1.1283312533947498e-18
40, 0.5, 1.7, 2.7, 10, 999, [1. 1.], 2.165009525894502e-25
40, 0.5, 1.7, 2.7, 11, 999, [1. 1.], 2.67856135669334e-18
40, 0.5, 1.7, 2.7, 12, 999, [1. 1.], 1.0989340855234013e-20
40, 0.5, 1.7, 2.7, 13, 999, [1. 1.], 7.144106906800269e-21
40, 0.5, 1.7, 2.7, 14, 999, [1. 1.], 1.500169397707774e-19
40, 0.5, 1.7, 2.7, 15, 999, [1. 1.], 7.295976200646175e-22
40, 0.5, 1.7, 2.7, 16, 999, [1. 1.], 2.994998804933081e-20
40, 0.5, 1.7, 2.7, 17, 999, [0.99999999 0.99999999], 2.792270268131477e-17
40, 0.5, 1.7, 2.7, 18, 999, [1. 1.], 4.878624883464777e-21
40, 0.5, 1.7, 2.7, 19, 999, [1. 1.], 5.646474016863407e-20
40, 0.5, 1.7, 2.8, 0, 999, [0.99999997 0.99999995], 7.159916716321675e-16
40, 0.5, 1.7, 2.8, 1, 999, [1. 1.], 2.32359381939708e-20
40, 0.5, 1.7, 2.8, 2, 999, [1.         1.00000001], 7.958222922677796e-18
40, 0.5, 1.7, 2.8, 3, 999, [1.         0.99999999], 8.136211558007708e-18
40, 0.5, 1.7, 2.8, 4, 999, [1.00000002 1.00000003], 3.0115541576924217e-16
40, 0.5, 1.7, 2.8, 5, 999, [1. 1.], 2.1981976528394785e-18
40, 0.5, 1.7, 2.8, 6, 999, [1.00000001 1.00000001], 3.5922640648580845e-17
40, 0.5, 1.7, 2.8, 7, 999, [0.99999995 0.99999989], 7.486608974697709e-15
40, 0.5, 1.7, 2.8, 8, 999, [1. 1.], 5.246219692652619e-18
40, 0.5, 1.7, 2.8, 9, 999, [1. 1.], 2.6654376397758825e-18
40, 0.5, 1.7, 2.8, 10, 999, [1.00000001 1.00000002], 5.866394902667795e-17
40, 0.5, 1.7, 2.8, 11, 999, [1. 1.], 6.357271353567622e-17
40, 0.5, 1.7, 2.8, 12, 999, [1.00000002 1.00000003], 2.993021401779376e-16
40, 0.5, 1.7, 2.8, 13, 999, [1. 1.], 2.7177195652175264e-20
40, 0.5, 1.7, 2.8, 14, 999, [1. 1.], 1.219367732350562e-19
40, 0.5, 1.7, 2.8, 15, 999, [1. 1.], 4.526411693718262e-19
40, 0.5, 1.7, 2.8, 16, 999, [1.00000007 1.00000014], 4.868373662072688e-15
40, 0.5, 1.7, 2.8, 17, 999, [1. 1.], 1.4016002733661546e-19
40, 0.5, 1.7, 2.8, 18, 999, [1. 1.], 5.941922633341457e-19
40, 0.5, 1.7, 2.8, 19, 999, [1.         0.99999999], 2.0360213870262657e-17
40, 0.5, 1.7, 2.9, 0, 999, [1. 1.], 6.286260377990525e-19
40, 0.5, 1.7, 2.9, 1, 999, [1. 1.], 3.815398706488869e-18
40, 0.5, 1.7, 2.9, 2, 999, [0.99999998 0.99999995], 5.37374748762228e-16
40, 0.5, 1.7, 2.9, 3, 999, [1.0000001 1.0000002], 1.0174255494399755e-14
40, 0.5, 1.7, 2.9, 4, 999, [0.999999 0.999998], 1.00319439539258e-12
40, 0.5, 1.7, 2.9, 5, 999, [0.99999981 0.99999962], 3.77313544237643e-14
40, 0.5, 1.7, 2.9, 6, 999, [0.99999996 0.99999991], 2.413470882929759e-15
40, 0.5, 1.7, 2.9, 7, 999, [1.00000005 1.00000011], 2.9912511681337306e-15
40, 0.5, 1.7, 2.9, 8, 999, [1.00000003 1.00000006], 9.741484742257612e-16
40, 0.5, 1.7, 2.9, 9, 999, [0.99999995 0.99999991], 2.117236009180942e-15
40, 0.5, 1.7, 2.9, 10, 999, [0.99999992 0.99999983], 7.167373680587613e-15
40, 0.5, 1.7, 2.9, 11, 999, [0.99999406 0.99998809], 3.540230322960756e-11
40, 0.5, 1.7, 2.9, 12, 999, [1.         1.00000001], 1.9027123622122453e-17
40, 0.5, 1.7, 2.9, 13, 999, [0.99999995 0.9999999 ], 2.665854486148085e-15
40, 0.5, 1.7, 2.9, 14, 999, [0.99999996 0.99999991], 1.8133345220757465e-15
40, 0.5, 1.7, 2.9, 15, 999, [1.00000051 1.00000102], 2.579865735971218e-13
40, 0.5, 1.7, 2.9, 16, 999, [1.00000007 1.00000013], 5.556559492923162e-15
40, 0.5, 1.7, 2.9, 17, 999, [1.00000035 1.0000007 ], 1.2216752922394427e-13
40, 0.5, 1.7, 2.9, 18, 999, [0.99999977 0.99999953], 5.451403266438908e-14
40, 0.5, 1.7, 2.9, 19, 999, [0.99999972 0.99999945], 7.613420729757344e-14
40, 0.5, 1.7, 3.0, 0, 999, [0.99999941 0.99999882], 3.4606488420523237e-13
40, 0.5, 1.7, 3.0, 1, 999, [0.99999937 0.99999874], 3.9799158320976117e-13
40, 0.5, 1.7, 3.0, 2, 999, [0.99999936 0.99999872], 4.119081352544526e-13
40, 0.5, 1.7, 3.0, 3, 999, [0.9999997  0.99999938], 1.1058726150154406e-13
40, 0.5, 1.7, 3.0, 4, 999, [1.00000009 1.00000019], 8.743168469219312e-15
40, 0.5, 1.7, 3.0, 5, 999, [0.99999095 0.99998194], 8.193795737760646e-11
40, 0.5, 1.7, 3.0, 6, 999, [0.99999999 0.99999998], 9.016304801293159e-17
40, 0.5, 1.7, 3.0, 7, 999, [1.00000016 1.00000031], 2.40390086884929e-14
40, 0.5, 1.7, 3.0, 8, 999, [0.9999947  0.99998914], 3.536443662067844e-11
40, 0.5, 1.7, 3.0, 9, 999, [1.00000076 1.00000155], 6.260211966628158e-13
40, 0.5, 1.7, 3.0, 10, 999, [0.99999991 0.99999982], 8.118954781501825e-15
40, 0.5, 1.7, 3.0, 11, 999, [0.9999994  0.99999881], 3.559148243203125e-13
40, 0.5, 1.7, 3.0, 12, 999, [0.99999987 0.99999977], 2.1136774311949914e-13
40, 0.5, 1.7, 3.0, 13, 999, [1.00000061 1.00000122], 3.717197451537883e-13
40, 0.5, 1.7, 3.0, 14, 999, [1.00000117 1.00000235], 1.3789007992303833e-12
40, 0.5, 1.7, 3.0, 15, 999, [1.00000094 1.00000188], 8.829168332401236e-13
40, 0.5, 1.7, 3.0, 16, 999, [1.00000621 1.00001242], 3.8571669563980856e-11
40, 0.5, 1.7, 3.0, 17, 999, [1.00000051 1.00000086], 2.966807694225958e-12
40, 0.5, 1.7, 3.0, 18, 999, [0.99999978 0.9999996 ], 3.172845757218546e-13
40, 0.5, 1.7, 3.0, 19, 999, [1.00000016 1.00000032], 2.4991149232704243e-14
40, 0.5, 1.7, 3.1, 0, 999, [0.99999699 0.99999398], 9.049689635277111e-12
40, 0.5, 1.7, 3.1, 1, 999, [1.00002124 1.00004251], 4.51131198599412e-10
40, 0.5, 1.7, 3.1, 2, 999, [1.00000064 1.00000183], 3.030229864669629e-11
40, 0.5, 1.7, 3.1, 3, 999, [1.0000078  1.00001561], 6.080198787740303e-11
40, 0.5, 1.7, 3.1, 4, 999, [0.99999947 0.9999988 ], 2.120373163692608e-12
40, 0.5, 1.7, 3.1, 5, 999, [0.99997869 0.99995739], 4.540052011862698e-10
40, 0.5, 1.7, 3.1, 6, 999, [1.00001167 1.00002341], 1.3663180740941388e-10
40, 0.5, 1.7, 3.1, 7, 999, [1.00002061 1.00004126], 4.248627982681621e-10
40, 0.5, 1.7, 3.1, 8, 999, [0.99999447 0.99998842], 5.7033418678365913e-11
40, 0.5, 1.7, 3.1, 9, 999, [1.00000061 1.00000128], 6.548222486242782e-13
40, 0.5, 1.7, 3.1, 10, 999, [0.99999212 0.99998425], 6.218004088913443e-11
40, 0.5, 1.7, 3.1, 11, 999, [1.00001449 1.0000291 ], 2.1145537922813865e-10
40, 0.5, 1.7, 3.1, 12, 999, [1.00000043 1.00000077], 8.41167166011845e-13
40, 0.5, 1.7, 3.1, 13, 999, [1.00000827 1.00001696], 8.588187536304605e-11
40, 0.5, 1.7, 3.1, 14, 999, [1.00000014 1.00000029], 3.9998079078856876e-14
40, 0.5, 1.7, 3.1, 15, 999, [0.99997534 0.99995087], 6.114597779744628e-10
40, 0.5, 1.7, 3.1, 16, 999, [1.00004147 1.000083  ], 1.7200907999999672e-09
40, 0.5, 1.7, 3.1, 17, 999, [0.99999629 0.99999261], 1.396344578684117e-11
40, 0.5, 1.7, 3.1, 18, 999, [0.99997984 0.99995969], 4.0630280711482524e-10
40, 0.5, 1.7, 3.1, 19, 999, [0.9999891  0.99997834], 1.2080042406152174e-10
40, 0.5, 1.7, 3.2, 0, 999, [0.99991315 0.99982681], 7.56736997395948e-09
40, 0.5, 1.7, 3.2, 1, 999, [0.99996204 0.9999237 ], 1.4555266019134664e-09
40, 0.5, 1.7, 3.2, 2, 999, [1.00013261 1.00026081], 1.953740934404186e-08
40, 0.5, 1.7, 3.2, 3, 999, [1.0000053  1.00001004], 5.90717920063254e-11
40, 0.5, 1.7, 3.2, 4, 999, [0.99995843 0.99991692], 1.7279994398810984e-09
40, 0.5, 1.7, 3.2, 5, 999, [1.00003679 1.00007359], 1.3532430375748273e-09
40, 0.5, 1.7, 3.2, 6, 999, [1.00006421 1.00012874], 4.132899020678668e-09
40, 0.5, 1.7, 3.2, 7, 999, [1.00000217 1.00000499], 4.805200999172736e-11
40, 0.5, 1.7, 3.2, 8, 999, [0.99995913 0.99991787], 1.686028986265017e-09
40, 0.5, 1.7, 3.2, 9, 999, [0.99996197 0.99992107], 2.2685379120588675e-09
40, 0.5, 1.7, 3.2, 10, 999, [1.00000534 1.00000953], 1.5924371484590893e-10
40, 0.5, 1.7, 3.2, 11, 999, [1.00004003 1.00008028], 1.6069815828667009e-09
40, 0.5, 1.7, 3.2, 12, 999, [0.99999824 0.99999651], 3.1368332742997306e-12
40, 0.5, 1.7, 3.2, 13, 999, [1.00005433 1.00010926], 2.986695515448856e-09
40, 0.5, 1.7, 3.2, 14, 999, [1.00040377 1.00080556], 1.634894719992607e-07
40, 0.5, 1.7, 3.2, 15, 999, [1.00003167 1.00006349], 1.005261603706567e-09
40, 0.5, 1.7, 3.2, 16, 999, [0.99994887 0.99989779], 2.614695530777583e-09
40, 0.5, 1.7, 3.2, 17, 999, [0.99999622 0.99999242], 1.4323868738791513e-11
40, 0.5, 1.7, 3.2, 18, 999, [0.99972045 0.999441  ], 7.814839187315771e-08
40, 0.5, 1.7, 3.2, 19, 999, [1.00002395 1.00004789], 5.736136342819872e-10
40, 0.5, 1.7, 3.3, 0, 999, [0.99988775 0.99978415], 2.005767204077864e-08
40, 0.5, 1.7, 3.3, 1, 999, [0.99994274 0.99988562], 3.2800230399641445e-09
40, 0.5, 1.7, 3.3, 2, 999, [0.99984339 0.99968667], 2.452884621711923e-08
40, 0.5, 1.7, 3.3, 3, 999, [0.99998419 0.99996584], 8.986666583559893e-10
40, 0.5, 1.7, 3.3, 4, 999, [1.00122757 1.00248332], 1.5780441418168675e-06
40, 0.5, 1.7, 3.3, 5, 999, [0.99994889 0.99988745], 1.3295988065539732e-08
40, 0.5, 1.7, 3.3, 6, 999, [0.99997756 0.99996201], 5.241468279777717e-09
40, 0.5, 1.7, 3.3, 7, 999, [0.99985341 0.99971978], 3.820863675899127e-08
40, 0.5, 1.7, 3.3, 8, 999, [1.00022991 1.00044372], 7.895004299403597e-08
40, 0.5, 1.7, 3.3, 9, 999, [0.9999534  0.99990743], 2.2120238969554604e-09
40, 0.5, 1.7, 3.3, 10, 999, [0.99998635 0.99997067], 6.017518771874302e-10
40, 0.5, 1.7, 3.3, 11, 999, [1.00002711 1.00005497], 7.913381476311022e-10
40, 0.5, 1.7, 3.3, 12, 999, [1.0003954  1.00079243], 1.5655794159430747e-07
40, 0.5, 1.7, 3.3, 13, 999, [1.00040462 1.00080943], 1.637177757546962e-07
40, 0.5, 1.7, 3.3, 14, 999, [1.00022063 1.00041869], 9.977330583186416e-08
40, 0.5, 1.7, 3.3, 15, 999, [1.00005054 1.0000518 ], 2.454296416300375e-07
40, 0.5, 1.7, 3.3, 16, 999, [0.99979219 0.99956477], 8.177282763309795e-08
40, 0.5, 1.7, 3.3, 17, 999, [0.99914352 0.99828377], 7.351575193174496e-07
40, 0.5, 1.7, 3.3, 18, 999, [0.99981948 0.9996372 ], 3.2911049722629134e-08
40, 0.5, 1.7, 3.3, 19, 999, [0.99998208 0.99996214], 7.250221442389785e-10
40, 0.5, 1.7, 3.4, 0, 999, [0.99987072 0.99974143], 1.6714278763013664e-08
40, 0.5, 1.7, 3.4, 1, 999, [0.99985789 0.99968131], 1.3921191825790902e-07
40, 0.5, 1.7, 3.4, 2, 999, [0.99984986 0.99969844], 2.2711923455122268e-08
40, 0.5, 1.7, 3.4, 3, 999, [0.99987158 0.99975233], 2.4856897825323426e-08
40, 0.5, 1.7, 3.4, 4, 999, [0.99944555 0.99888154], 3.171537876719766e-07
40, 0.5, 1.7, 3.4, 5, 999, [1.0001733  1.00033712], 3.906369557467226e-08
40, 0.5, 1.7, 3.4, 6, 999, [1.0001119  1.00023127], 1.8078465019212975e-08
40, 0.5, 1.7, 3.4, 7, 999, [0.99915455 0.99831501], 7.174767695611663e-07
40, 0.5, 1.7, 3.4, 8, 999, [1.00006771 1.00013543], 4.5848099346203235e-09
40, 0.5, 1.7, 3.4, 9, 999, [1.00012547 1.00025289], 1.6120582831929842e-08
40, 0.5, 1.7, 3.4, 10, 999, [1.00139202 1.00279209], 1.9414570003119265e-06
40, 0.5, 1.7, 3.4, 11, 999, [0.99995377 0.99990639], 2.26915155370162e-09
40, 0.5, 1.7, 3.4, 12, 999, [1.00032628 1.0006535 ], 1.065289776029234e-07
40, 0.5, 1.7, 3.4, 13, 999, [1.00043316 1.00092623], 5.442929867968869e-07
40, 0.5, 1.7, 3.4, 14, 999, [0.99991096 0.99984684], 6.997217756926711e-08
40, 0.5, 1.7, 3.4, 15, 999, [1.00076154 1.00154083], 6.094528405509038e-07
40, 0.5, 1.7, 3.4, 16, 999, [1.00008048 1.00016078], 6.481629530095546e-09
40, 0.5, 1.7, 3.4, 17, 999, [0.99998567 0.99994814], 5.407228110351611e-08
40, 0.5, 1.7, 3.4, 18, 999, [1.00083268 1.00166799], 6.937328642867519e-07
40, 0.5, 1.7, 3.4, 19, 999, [0.99888086 0.99773293], 1.342686392912802e-06
40, 0.5, 1.7, 3.5, 0, 999, [0.99993248 0.9998713 ], 8.564604319270882e-09
40, 0.5, 1.7, 3.5, 1, 999, [0.99985862 0.99954121], 3.1193801350576044e-06
40, 0.5, 1.7, 3.5, 2, 999, [0.99860489 0.99720965], 1.9467540857151354e-06
40, 0.5, 1.7, 3.5, 3, 999, [1.00016795 1.00033896], 2.9121323918957076e-08
40, 0.5, 1.7, 3.5, 4, 999, [0.99986982 0.99972914], 2.8022160917627432e-08
40, 0.5, 1.7, 3.5, 5, 999, [0.9979706  0.99593218], 4.135725103715255e-06
40, 0.5, 1.7, 3.5, 6, 999, [1.00002617 1.00005256], 6.898589506939379e-10
40, 0.5, 1.7, 3.5, 7, 999, [1.00038664 1.00067436], 1.1309252765390834e-06
40, 0.5, 1.7, 3.5, 8, 999, [0.99979478 0.9996025 ], 5.877795101133843e-08
40, 0.5, 1.7, 3.5, 9, 999, [0.99710017 0.99399624], 1.292538520098999e-05
40, 0.5, 1.7, 3.5, 10, 999, [1.00017412 1.00036709], 6.573376861008172e-08
40, 0.5, 1.7, 3.5, 11, 999, [0.99993453 0.99985474], 2.4818055179281907e-08
40, 0.5, 1.7, 3.5, 12, 999, [0.99877718 0.99753214], 1.5515430953554951e-06
40, 0.5, 1.7, 3.5, 13, 999, [1.00013273 1.00026415], 1.7790614972664923e-08
40, 0.5, 1.7, 3.5, 14, 999, [0.99858423 0.99716613], 2.0062836763774652e-06
40, 0.5, 1.7, 3.5, 15, 999, [0.99899483 0.9978371 ], 3.3686994594766795e-06
40, 0.5, 1.7, 3.5, 16, 999, [1.00006504 0.99996924], 2.5913495196568823e-06
40, 0.5, 1.7, 3.5, 17, 999, [0.999845   0.99978736], 9.71505522452475e-07
40, 0.5, 1.7, 3.5, 18, 999, [0.99975363 0.99950279], 6.275340436867876e-08
40, 0.5, 1.7, 3.5, 19, 999, [1.00099632 1.00199294], 9.927086537479028e-07
40, 0.5, 1.7, 3.6, 0, 999, [0.9990436  0.99825813], 3.8052191530690268e-06
40, 0.5, 1.7, 3.6, 1, 999, [0.9983374  0.99667743], 2.764245506395853e-06
40, 0.5, 1.7, 3.6, 2, 999, [1.00077424 1.00172636], 3.7427704245248143e-06
40, 0.5, 1.7, 3.6, 3, 999, [0.99756142 0.99519308], 6.359979084449535e-06
40, 0.5, 1.7, 3.6, 4, 999, [1.00079153 1.00140116], 3.95786893921965e-06
40, 0.5, 1.7, 3.6, 5, 999, [1.00038766 1.00080599], 2.4334754088848906e-07
40, 0.5, 1.7, 3.6, 6, 999, [0.99976442 0.9994973 ], 1.5535515150056852e-07
40, 0.5, 1.7, 3.6, 7, 999, [0.9986787  0.99734944], 1.755258450940848e-06
40, 0.5, 1.7, 3.6, 8, 999, [0.99981305 0.99961843], 4.089150653108998e-08
40, 0.5, 1.7, 3.6, 9, 999, [1.00133816 1.00270412], 1.8583602882742422e-06
40, 0.5, 1.7, 3.6, 10, 999, [1.00145378 1.00300103], 2.9481949322049763e-06
40, 0.5, 1.7, 3.6, 11, 999, [1.00005594 1.00011143], 3.149904858557265e-09
40, 0.5, 1.7, 3.6, 12, 999, [1.00081439 1.0014967 ], 2.4255840723053845e-06
40, 0.5, 1.7, 3.6, 13, 999, [1.00113708 1.00218812], 2.055624318371558e-06
40, 0.5, 1.7, 3.6, 14, 999, [0.99965659 0.99936502], 3.8540563579149506e-07
40, 0.5, 1.7, 3.6, 15, 999, [0.99823299 0.9964818 ], 3.1384442337769343e-06
40, 0.5, 1.7, 3.6, 16, 999, [1.00064744 1.00124688], 6.536150587481717e-07
40, 0.5, 1.7, 3.6, 17, 999, [0.99962847 0.99925363], 1.3922380218624783e-07
40, 0.5, 1.7, 3.6, 18, 999, [0.9996345 0.9991811], 9.086208016503968e-07
40, 0.5, 1.7, 3.6, 19, 999, [1.00105309 1.00211586], 1.1163473006239053e-06
40, 0.5, 1.7, 3.7, 0, 999, [1.00128102 1.00261628], 1.9176266749218718e-06
40, 0.5, 1.7, 3.7, 1, 999, [1.00005763 1.00023943], 1.5449930802062323e-06
40, 0.5, 1.7, 3.7, 2, 999, [0.99947084 0.99882741], 1.5923336714580249e-06
40, 0.5, 1.7, 3.7, 3, 999, [0.9983887  0.99688585], 3.7166330562535053e-06
40, 0.5, 1.7, 3.7, 4, 999, [1.00043298 1.00097794], 1.4372903101021632e-06
40, 0.5, 1.7, 3.7, 5, 999, [1.00235289 1.00497462], 1.2469307162426852e-05
40, 0.5, 1.7, 3.7, 6, 999, [1.00158842 1.0032237 ], 2.719715874288854e-06
40, 0.5, 1.7, 3.7, 7, 999, [0.99903802 0.99795255], 2.473306378464963e-06
40, 0.5, 1.7, 3.7, 8, 999, [1.00072913 1.0014768 ], 5.640896964262704e-07
40, 0.5, 1.7, 3.7, 9, 999, [0.99966926 0.99929326], 3.152465534666369e-07
40, 0.5, 1.7, 3.7, 10, 999, [0.9989091  0.99785811], 1.3399485614691467e-06
40, 0.5, 1.7, 3.7, 11, 999, [0.99977879 0.99990505], 1.2118356366039012e-05
40, 0.5, 1.7, 3.7, 12, 999, [1.00353877 1.00714826], 1.2861449387735941e-05
40, 0.5, 1.7, 3.7, 13, 999, [1.00062917 1.00111393], 2.493022393022542e-06
40, 0.5, 1.7, 3.7, 14, 999, [0.99514716 0.99027911], 2.3700260716567405e-05
40, 0.5, 1.7, 3.7, 15, 999, [1.00159743 1.00332504], 4.180557812130168e-06
40, 0.5, 1.7, 3.7, 16, 999, [0.99748927 0.99508588], 7.324684372501396e-06
40, 0.5, 1.7, 3.7, 17, 999, [1.00008595 1.00006071], 1.2439235858006155e-06
40, 0.5, 1.7, 3.7, 18, 999, [1.00073427 1.00139221], 1.1302253526564125e-06
40, 0.5, 1.7, 3.7, 19, 999, [1.00017437 1.00033764], 4.278585654120082e-08
40, 0.5, 1.7, 3.8, 0, 999, [0.99985419 0.99992395], 4.667027373533151e-06
40, 0.5, 1.7, 3.8, 1, 999, [1.00078907 1.00131888], 7.37680177406781e-06
40, 0.5, 1.7, 3.8, 2, 999, [0.99981943 0.99963467], 3.439718043277501e-08
40, 0.5, 1.7, 3.8, 3, 999, [0.99489657 0.99003498], 3.07021438107072e-05
40, 0.5, 1.7, 3.8, 4, 999, [0.99912796 0.99839182], 2.5868047353850695e-06
40, 0.5, 1.7, 3.8, 5, 999, [1.00002296 1.00006182], 2.578776373291064e-08
40, 0.5, 1.7, 3.8, 6, 999, [0.99803674 0.99597335], 4.935540728626822e-06
40, 0.5, 1.7, 3.8, 7, 999, [0.99896109 0.99820694], 9.126945357295616e-06
40, 0.5, 1.7, 3.8, 8, 999, [1.00325904 1.00589209], 5.1149133273407095e-05
40, 0.5, 1.7, 3.8, 9, 999, [1.00145478 1.00278141], 3.81342396116822e-06
40, 0.5, 1.7, 3.8, 10, 999, [0.99959616 0.99943452], 6.021702013887043e-06
40, 0.5, 1.7, 3.8, 11, 999, [0.99872536 0.99741814], 1.7417122932312828e-06
40, 0.5, 1.7, 3.8, 12, 999, [0.9993333  0.99829819], 1.4048907539226344e-05
40, 0.5, 1.7, 3.8, 13, 999, [1.00234173 1.00449815], 9.124155650121062e-06
40, 0.5, 1.7, 3.8, 14, 999, [1.00405299 1.0080329 ], 1.7228024937990016e-05
40, 0.5, 1.7, 3.8, 15, 999, [0.99970377 0.99950239], 9.856378236743763e-07
40, 0.5, 1.7, 3.8, 16, 999, [1.00070526 1.00154094], 2.1856630265830166e-06
40, 0.5, 1.7, 3.8, 17, 999, [1.00029692 1.00039972], 3.860310121203664e-06
40, 0.5, 1.7, 3.8, 18, 999, [1.0053725 1.0110735], 3.784189309172017e-05
40, 0.5, 1.7, 3.8, 19, 999, [1.0004559  1.00109637], 3.6068672006124922e-06
40, 0.5, 1.7, 3.9, 0, 999, [1.00232078 1.00399247], 4.822146446950715e-05
40, 0.5, 1.7, 3.9, 1, 999, [0.99860936 0.99725854], 2.0774179360365944e-06
40, 0.5, 1.7, 3.9, 2, 999, [0.9977533  0.99551761], 5.051221054610667e-06
40, 0.5, 1.7, 3.9, 3, 999, [1.00039349 1.00051774], 7.412395567333375e-06
40, 0.5, 1.7, 3.9, 4, 999, [1.00174174 1.0037711 ], 1.1132664510193824e-05
40, 0.5, 1.7, 3.9, 5, 999, [1.00103665 1.00200105], 1.6123662701182922e-06
40, 0.5, 1.7, 3.9, 6, 999, [0.99582059 0.99170013], 1.7639490948834116e-05
40, 0.5, 1.7, 3.9, 7, 999, [0.99716822 0.99439536], 8.278129447259909e-06
40, 0.5, 1.7, 3.9, 8, 999, [0.99848411 0.99696559], 2.300346132647976e-06
40, 0.5, 1.7, 3.9, 9, 999, [1.00234343 1.00530714], 4.3287623641137315e-05
40, 0.5, 1.7, 3.9, 10, 999, [1.0013299  1.00309311], 2.0391898857101145e-05
40, 0.5, 1.7, 3.9, 11, 999, [0.99562763 0.99098755], 2.7344314233853125e-05
40, 0.5, 1.7, 3.9, 12, 999, [0.99948168 0.99915706], 4.0105479285096235e-06
40, 0.5, 1.7, 3.9, 13, 999, [1.00197493 1.00396504], 3.913070389940126e-06
40, 0.5, 1.7, 3.9, 14, 999, [1.00118104 1.00219682], 4.1722315155568044e-06
40, 0.5, 1.7, 3.9, 15, 999, [0.99872356 0.99700187], 2.159968731815543e-05
40, 0.5, 1.7, 3.9, 16, 999, [1.00220278 1.00436905], 5.023261781450304e-06
40, 0.5, 1.7, 3.9, 17, 999, [1.00408744 1.00821915], 1.678313895093309e-05
40, 0.5, 1.7, 3.9, 18, 999, [1.00113973 1.00236533], 2.0143170876276003e-06
40, 0.5, 1.7, 3.9, 19, 999, [1.00201539 1.00341387], 4.2621253033487796e-05
40, 0.5, 1.7, 4.0, 0, 999, [0.99879517 0.99768942], 2.4047100722645196e-06
40, 0.5, 1.7, 4.0, 1, 999, [1.00723028 1.01467052], 5.476338740488982e-05
40, 0.5, 1.7, 4.0, 2, 999, [1.00300258 1.00604654], 9.12020117226678e-06
40, 0.5, 1.7, 4.0, 3, 999, [1.0016965  1.00335638], 3.0341460241686823e-06
40, 0.5, 1.7, 4.0, 4, 999, [0.99887035 0.99803128], 9.645019492054296e-06
40, 0.5, 1.7, 4.0, 5, 999, [0.99970147 0.99940325], 8.912818212045572e-08
40, 0.5, 1.7, 4.0, 6, 999, [0.99743118 0.99520399], 1.7823686897455956e-05
40, 0.5, 1.7, 4.0, 7, 999, [0.9967127  0.99362891], 1.4519855544032721e-05
40, 0.5, 1.7, 4.0, 8, 999, [1.00472256 1.00916521], 3.143645843577146e-05
40, 0.5, 1.7, 4.0, 9, 999, [0.9982955  0.99626667], 1.3613788001633642e-05
40, 0.5, 1.7, 4.0, 10, 999, [1.00196121 1.00395806], 3.9474438344823125e-06
40, 0.5, 1.7, 4.0, 11, 999, [1.00214394 1.00442074], 6.241632363170112e-06
40, 0.5, 1.7, 4.0, 12, 999, [0.99997984 1.00001231], 2.7735994453532165e-07
40, 0.5, 1.7, 4.0, 13, 999, [0.99044793 0.98051842], 0.00011320847424378777
40, 0.5, 1.7, 4.0, 14, 999, [1.00517241 1.01062699], 3.327749310945493e-05
40, 0.5, 1.7, 4.0, 15, 999, [0.99607927 0.9918179 ], 2.8046163779661337e-05
40, 0.5, 1.7, 4.0, 16, 999, [1.00027342 1.0006283 ], 7.371497199313004e-07
40, 0.5, 1.7, 4.0, 17, 999, [1.00310307 1.00642667], 1.4076685145687748e-05
40, 0.5, 1.7, 4.0, 18, 999, [1.00534718 1.01064227], 2.9243275447883633e-05
40, 0.5, 1.7, 4.0, 19, 999, [0.99474023 0.98913605], 4.150978209770141e-05
