40, 0.5, 0.7, 0.1, 0, 130, [0.99999819 3.00000343], 2.5443559527973896e-11
40, 0.5, 0.7, 0.1, 1, 135, [1.00000078 2.99999879], 2.830486201457289e-12
40, 0.5, 0.7, 0.1, 2, 139, [1.00000312 2.99999745], 1.7484733938978017e-11
40, 0.5, 0.7, 0.1, 3, 139, [1.0020383  2.99774525], 9.42600176677005e-06
40, 0.5, 0.7, 0.1, 4, 143, [1.00000064 3.00000002], 2.123784051101178e-12
40, 0.5, 0.7, 0.1, 5, 132, [0.99999771 3.00000173], 9.51836790788411e-12
40, 0.5, 0.7, 0.1, 6, 135, [1.00000046 2.9999989 ], 3.0728404061316305e-12
40, 0.5, 0.7, 0.1, 7, 137, [0.99989397 3.00009583], 2.0842197309005913e-08
40, 0.5, 0.7, 0.1, 8, 143, [0.99327593 3.00656277], 8.838714589909182e-05
40, 0.5, 0.7, 0.1, 9, 140, [0.9997958  3.00023295], 9.926883296262395e-08
40, 0.5, 0.7, 0.1, 10, 133, [0.99999817 3.00000357], 2.8258382893995313e-11
40, 0.5, 0.7, 0.1, 11, 139, [1.00036937 2.99953907], 3.82421295458621e-07
40, 0.5, 0.7, 0.1, 12, 143, [0.98096825 3.01937962], 0.0007382611281645979
40, 0.5, 0.7, 0.1, 13, 137, [0.99929412 3.00063975], 9.250287641991105e-07
40, 0.5, 0.7, 0.1, 14, 158, [0.83146118 3.18361947], 0.06303114501315694
40, 0.5, 0.7, 0.1, 15, 134, [1.00000135 2.99999925], 3.800542911720655e-12
40, 0.5, 0.7, 0.1, 16, 133, [1.00001508 2.99999349], 5.635144548902515e-10
40, 0.5, 0.7, 0.1, 17, 142, [1.00000196 2.99998901], 4.510609460143961e-10
40, 0.5, 0.7, 0.1, 18, 142, [0.99999784 3.00000283], 1.4462975422814426e-11
40, 0.5, 0.7, 0.1, 19, 136, [1.00000001 2.99999935], 2.069638660617728e-12
40, 0.5, 0.7, 0.2, 0, 67, [1.00000014 2.99999988], 3.6763114704209264e-14
40, 0.5, 0.7, 0.2, 1, 68, [0.99999833 3.00000116], 5.180624621793451e-12
40, 0.5, 0.7, 0.2, 2, 68, [1.00000001 3.00000001], 1.7912837323670776e-15
40, 0.5, 0.7, 0.2, 3, 75, [1.00000007 2.99999993], 1.0434905892876318e-14
40, 0.5, 0.7, 0.2, 4, 69, [1.00000008 2.99999998], 2.1041245562811444e-14
40, 0.5, 0.7, 0.2, 5, 67, [0.99999999 3.00000001], 1.0836893207946419e-16
40, 0.5, 0.7, 0.2, 6, 74, [1.00000002 2.99999997], 1.4741029641715488e-15
40, 0.5, 0.7, 0.2, 7, 70, [1.00000005 2.99999997], 5.6958031839784545e-15
40, 0.5, 0.7, 0.2, 8, 73, [1.0000001 2.9999998], 9.07999285414529e-14
40, 0.5, 0.7, 0.2, 9, 78, [1.00024781 2.9997633 ], 1.1792708922300525e-07
40, 0.5, 0.7, 0.2, 10, 67, [0.99999985 3.0000001 ], 4.1466510522647205e-14
40, 0.5, 0.7, 0.2, 11, 71, [0.99999995 3.00000008], 1.2969918057326436e-14
40, 0.5, 0.7, 0.2, 12, 67, [0.99999999 3.        ], 1.4044903895161159e-15
40, 0.5, 0.7, 0.2, 13, 71, [1. 3.], 1.647101989552865e-17
40, 0.5, 0.7, 0.2, 14, 82, [1.01046126 2.98806046], 0.00026073193944910645
40, 0.5, 0.7, 0.2, 15, 85, [1.00405068 2.99552373], 3.7169535664477316e-05
40, 0.5, 0.7, 0.2, 16, 73, [1. 3.], 1.201269809798879e-17
40, 0.5, 0.7, 0.2, 17, 73, [1. 3.], 1.0956840662547966e-17
40, 0.5, 0.7, 0.2, 18, 69, [1.00000003 3.00000004], 2.4842097625949926e-14
40, 0.5, 0.7, 0.2, 19, 68, [0.99999999 2.99999999], 2.2972424991824078e-15
40, 0.5, 0.7, 0.3, 0, 71, [0.99999986 3.00000022], 9.668812695745467e-14
40, 0.5, 0.7, 0.3, 1, 62, [1.00000002 2.99999999], 1.106890356645709e-15
40, 0.5, 0.7, 0.3, 2, 68, [1.00000004 2.99999997], 3.45822044634839e-15
40, 0.5, 0.7, 0.3, 3, 65, [1. 3.], 8.723791188866218e-18
40, 0.5, 0.7, 0.3, 4, 66, [1.00000001 3.00000001], 1.8710186058551264e-15
40, 0.5, 0.7, 0.3, 5, 63, [1.00000001 3.00000001], 1.0601703457295993e-15
40, 0.5, 0.7, 0.3, 6, 73, [1.00000009 3.00000005], 8.320672090135764e-14
40, 0.5, 0.7, 0.3, 7, 66, [0.99999983 2.99999997], 1.8260842494991608e-13
40, 0.5, 0.7, 0.3, 8, 63, [1.00000006 2.99999994], 7.30448057095487e-15
40, 0.5, 0.7, 0.3, 9, 66, [0.99999986 3.00000018], 5.750334843057716e-14
40, 0.5, 0.7, 0.3, 10, 65, [0.99999972 3.00000028], 1.5862479780839408e-13
40, 0.5, 0.7, 0.3, 11, 68, [0.99999998 3.00000003], 1.4054825914892105e-15
40, 0.5, 0.7, 0.3, 12, 73, [0.9999995  3.00000052], 5.236849102357525e-13
40, 0.5, 0.7, 0.3, 13, 67, [1.00000001 3.00000008], 3.58060934379184e-14
40, 0.5, 0.7, 0.3, 14, 65, [0.99999996 3.00000003], 2.3162728177083523e-15
40, 0.5, 0.7, 0.3, 15, 65, [1.00000004 2.99999986], 6.18665599216425e-14
40, 0.5, 0.7, 0.3, 16, 63, [1.00000012 2.99999985], 4.153200616292045e-14
40, 0.5, 0.7, 0.3, 17, 66, [1.00000008 2.99999992], 1.3673725902140424e-14
40, 0.5, 0.7, 0.3, 18, 68, [1.00000002 2.99999999], 9.35205911281953e-16
40, 0.5, 0.7, 0.3, 19, 67, [0.99999997 3.00000005], 5.6748315246314155e-15
40, 0.5, 0.7, 0.4, 0, 62, [1.00000001 2.99999998], 9.041042507734614e-16
40, 0.5, 0.7, 0.4, 1, 71, [1. 3.], 1.0173833330767194e-17
40, 0.5, 0.7, 0.4, 2, 64, [0.99999991 3.00000003], 2.1553422759212773e-14
40, 0.5, 0.7, 0.4, 3, 67, [1.0000007 2.9999996], 9.9919047162514e-13
40, 0.5, 0.7, 0.4, 4, 64, [0.99999981 3.00000005], 1.0891412342325174e-13
40, 0.5, 0.7, 0.4, 5, 62, [0.99999996 3.00000001], 4.003547825754236e-15
40, 0.5, 0.7, 0.4, 6, 64, [0.99999998 3.00000001], 4.809210043523197e-16
40, 0.5, 0.7, 0.4, 7, 66, [1. 3.], 3.479726670141066e-17
40, 0.5, 0.7, 0.4, 8, 62, [1. 3.], 6.998408718903109e-19
40, 0.5, 0.7, 0.4, 9, 67, [1.00000001 3.        ], 1.0206673759309258e-16
40, 0.5, 0.7, 0.4, 10, 63, [1.00000001 2.99999997], 2.9748563988524246e-15
40, 0.5, 0.7, 0.4, 11, 66, [0.99999998 3.00000002], 5.542835209079601e-16
40, 0.5, 0.7, 0.4, 12, 66, [1.00000004 2.99999976], 2.1024702032274134e-13
40, 0.5, 0.7, 0.4, 13, 70, [1. 3.], 2.55070866563196e-17
40, 0.5, 0.7, 0.4, 14, 67, [1. 3.], 5.4167435615079896e-18
40, 0.5, 0.7, 0.4, 15, 63, [1. 3.], 5.897712950270657e-17
40, 0.5, 0.7, 0.4, 16, 69, [1. 3.], 2.2545412329673866e-17
40, 0.5, 0.7, 0.4, 17, 70, [1. 3.], 1.81813936836621e-18
40, 0.5, 0.7, 0.4, 18, 64, [1.00000004 2.99999996], 3.259886989731179e-15
40, 0.5, 0.7, 0.4, 19, 65, [1.00000006 2.99999987], 4.2757650650558284e-14
40, 0.5, 0.7, 0.5, 0, 69, [1. 3.], 6.070784174537186e-17
40, 0.5, 0.7, 0.5, 1, 68, [1. 3.], 5.750692182287866e-18
40, 0.5, 0.7, 0.5, 2, 66, [1. 3.], 5.459913352657181e-19
40, 0.5, 0.7, 0.5, 3, 61, [0.99999987 3.0000002 ], 7.909582905593845e-14
40, 0.5, 0.7, 0.5, 4, 64, [1. 3.], 6.7698071491363085e-18
40, 0.5, 0.7, 0.5, 5, 61, [0.99999999 3.00000001], 2.8734694878600774e-16
40, 0.5, 0.7, 0.5, 6, 62, [1.         3.00000001], 4.617320929685192e-16
40, 0.5, 0.7, 0.5, 7, 61, [1.00000002 2.99999997], 1.2025749815408489e-15
40, 0.5, 0.7, 0.5, 8, 66, [1. 3.], 3.63402732437401e-17
40, 0.5, 0.7, 0.5, 9, 64, [1. 3.], 8.811728857201586e-18
40, 0.5, 0.7, 0.5, 10, 67, [1. 3.], 1.150829973687818e-17
40, 0.5, 0.7, 0.5, 11, 63, [1.00000002 2.99999998], 1.102499285351769e-15
40, 0.5, 0.7, 0.5, 12, 63, [1.00000001 2.99999997], 2.2586592381437034e-15
40, 0.5, 0.7, 0.5, 13, 70, [1. 3.], 5.16610822607897e-18
40, 0.5, 0.7, 0.5, 14, 66, [1. 3.], 5.33353714778278e-17
40, 0.5, 0.7, 0.5, 15, 68, [1.00000001 2.99999999], 1.8427812439000409e-16
40, 0.5, 0.7, 0.5, 16, 63, [1.00000002 3.00000004], 1.6077586281388116e-14
40, 0.5, 0.7, 0.5, 17, 63, [1.00000003 2.99999998], 1.4979228584400425e-15
40, 0.5, 0.7, 0.5, 18, 64, [1.00000007 2.9999999 ], 1.6655665923709593e-14
40, 0.5, 0.7, 0.5, 19, 63, [0.99999999 3.00000001], 4.844574798368041e-16
40, 0.5, 0.7, 0.6, 0, 64, [1. 3.], 4.1349972743501025e-18
40, 0.5, 0.7, 0.6, 1, 62, [1.         3.00000001], 3.3779283179559e-16
40, 0.5, 0.7, 0.6, 2, 67, [1. 3.], 4.6229534385475825e-17
40, 0.5, 0.7, 0.6, 3, 66, [0.99999999 3.00000001], 3.734838638541669e-16
40, 0.5, 0.7, 0.6, 4, 64, [1.00000004 2.99999999], 5.2622170849984754e-15
40, 0.5, 0.7, 0.6, 5, 61, [1.00000002 2.99999999], 1.6701936715224287e-15
40, 0.5, 0.7, 0.6, 6, 66, [1. 3.], 6.334786123708075e-18
40, 0.5, 0.7, 0.6, 7, 66, [1.00000001 2.99999999], 1.4675199137647857e-16
40, 0.5, 0.7, 0.6, 8, 65, [1. 3.], 2.2615222757468455e-18
40, 0.5, 0.7, 0.6, 9, 60, [1.00000006 2.99999996], 7.129588883945988e-15
40, 0.5, 0.7, 0.6, 10, 65, [1. 3.], 3.110488976844404e-17
40, 0.5, 0.7, 0.6, 11, 66, [1. 3.], 3.132630121934421e-17
40, 0.5, 0.7, 0.6, 12, 66, [1. 3.], 8.06148451248012e-18
40, 0.5, 0.7, 0.6, 13, 63, [1.00000001 2.99999999], 1.7828699548940036e-16
40, 0.5, 0.7, 0.6, 14, 61, [1. 3.], 7.547744232518316e-18
40, 0.5, 0.7, 0.6, 15, 65, [0.99999998 3.        ], 2.9036322696261247e-15
40, 0.5, 0.7, 0.6, 16, 68, [0.99999999 3.00000001], 1.3834520974309368e-16
40, 0.5, 0.7, 0.6, 17, 62, [0.99999999 3.00000002], 7.263438209415962e-16
40, 0.5, 0.7, 0.6, 18, 64, [1.00000001 3.        ], 3.808558758115166e-16
40, 0.5, 0.7, 0.6, 19, 67, [1. 3.], 3.762149996521255e-17
40, 0.5, 0.7, 0.7, 0, 68, [1.00000001 2.99999999], 8.072517844930467e-17
40, 0.5, 0.7, 0.7, 1, 64, [1. 3.], 2.0897912894909277e-17
40, 0.5, 0.7, 0.7, 2, 60, [1.00000008 2.99999997], 1.7698617064043763e-14
40, 0.5, 0.7, 0.7, 3, 70, [1. 3.], 8.068514582013788e-18
40, 0.5, 0.7, 0.7, 4, 64, [1. 3.], 4.211533656940804e-17
40, 0.5, 0.7, 0.7, 5, 64, [1.00000002 2.99999999], 1.2928224245188453e-15
40, 0.5, 0.7, 0.7, 6, 62, [1. 3.], 3.8283419929996955e-18
40, 0.5, 0.7, 0.7, 7, 59, [1.00000001 3.        ], 4.620200691636248e-16
40, 0.5, 0.7, 0.7, 8, 71, [1. 3.], 6.404437324434366e-17
40, 0.5, 0.7, 0.7, 9, 66, [1.00000007 3.        ], 2.388210857247636e-14
40, 0.5, 0.7, 0.7, 10, 68, [1.00000004 2.99999996], 3.617087768666365e-15
40, 0.5, 0.7, 0.7, 11, 65, [1. 3.], 1.5982873314341695e-17
40, 0.5, 0.7, 0.7, 12, 66, [1.00000001 2.99999999], 2.0552523355075373e-16
40, 0.5, 0.7, 0.7, 13, 62, [0.99999999 3.00000001], 1.8067398724206566e-16
40, 0.5, 0.7, 0.7, 14, 68, [1.00000001 2.99999999], 1.2954052999700315e-16
40, 0.5, 0.7, 0.7, 15, 65, [1. 3.], 1.3893121321939327e-19
40, 0.5, 0.7, 0.7, 16, 62, [0.99999999 3.00000001], 1.3792024891947556e-16
40, 0.5, 0.7, 0.7, 17, 67, [1. 3.], 3.2506398512792945e-19
40, 0.5, 0.7, 0.7, 18, 65, [1. 3.], 4.5328684646958445e-17
40, 0.5, 0.7, 0.7, 19, 67, [1. 3.], 3.144960661039586e-17
40, 0.5, 0.7, 0.8, 0, 74, [1. 3.], 2.8990041577851673e-17
40, 0.5, 0.7, 0.8, 1, 67, [1.00000001 3.00000003], 7.428895131777504e-15
40, 0.5, 0.7, 0.8, 2, 66, [1.00000004 2.99999992], 1.3262296827961725e-14
40, 0.5, 0.7, 0.8, 3, 63, [1.         2.99999999], 1.4153607990936722e-16
40, 0.5, 0.7, 0.8, 4, 66, [1.00000002 2.99999998], 9.8122588723666e-16
40, 0.5, 0.7, 0.8, 5, 67, [1. 3.], 3.522564355030674e-17
40, 0.5, 0.7, 0.8, 6, 66, [1. 3.], 1.1171821020950301e-18
40, 0.5, 0.7, 0.8, 7, 66, [1. 3.], 7.172909456014876e-20
40, 0.5, 0.7, 0.8, 8, 63, [0.99999998 2.99999999], 4.743366211671513e-15
40, 0.5, 0.7, 0.8, 9, 71, [1. 3.], 1.7254423126184797e-19
40, 0.5, 0.7, 0.8, 10, 65, [0.99999998 3.00000002], 9.03314972478156e-16
40, 0.5, 0.7, 0.8, 11, 65, [1.         2.99999999], 5.132369044442185e-16
40, 0.5, 0.7, 0.8, 12, 66, [1. 3.], 2.4991453863340747e-18
40, 0.5, 0.7, 0.8, 13, 66, [1.00000002 2.99999998], 7.53075828685084e-16
40, 0.5, 0.7, 0.8, 14, 63, [0.99999999 3.        ], 6.123454894919032e-17
40, 0.5, 0.7, 0.8, 15, 67, [1. 3.], 1.0085251162763816e-17
40, 0.5, 0.7, 0.8, 16, 64, [0.99999999 3.        ], 5.31276293981415e-17
40, 0.5, 0.7, 0.8, 17, 65, [1. 3.], 5.943137297772431e-19
40, 0.5, 0.7, 0.8, 18, 67, [1. 3.], 1.8853374078637367e-17
40, 0.5, 0.7, 0.8, 19, 70, [1. 3.], 3.5335746394220414e-17
40, 0.5, 0.7, 0.9, 0, 66, [1. 3.], 5.785300934865194e-17
40, 0.5, 0.7, 0.9, 1, 69, [1.00000001 2.99999999], 1.3536345811312918e-16
40, 0.5, 0.7, 0.9, 2, 74, [1. 3.], 3.231033567941421e-17
40, 0.5, 0.7, 0.9, 3, 65, [1.00000004 2.99999999], 4.506991550995895e-15
40, 0.5, 0.7, 0.9, 4, 64, [0.99999999 2.99999999], 5.947486923250822e-16
40, 0.5, 0.7, 0.9, 5, 67, [1.00000001 2.99999999], 7.140868387827327e-17
40, 0.5, 0.7, 0.9, 6, 69, [1.00000001 2.99999999], 6.67991964726956e-17
40, 0.5, 0.7, 0.9, 7, 67, [0.99999998 3.00000001], 4.670820883377676e-16
40, 0.5, 0.7, 0.9, 8, 64, [0.99999996 3.00000003], 3.1413575062741854e-15
40, 0.5, 0.7, 0.9, 9, 66, [1. 3.], 2.656131751517171e-18
40, 0.5, 0.7, 0.9, 10, 65, [1. 3.], 5.112782135384634e-17
40, 0.5, 0.7, 0.9, 11, 65, [1.00000001 2.99999999], 2.7184115107691177e-16
40, 0.5, 0.7, 0.9, 12, 67, [1. 3.], 1.1504950378662884e-17
40, 0.5, 0.7, 0.9, 13, 64, [1. 3.], 3.661091983051269e-17
40, 0.5, 0.7, 0.9, 14, 64, [1. 3.], 1.0574071734702517e-17
40, 0.5, 0.7, 0.9, 15, 64, [0.99999996 3.00000002], 2.341299493971818e-15
40, 0.5, 0.7, 0.9, 16, 65, [1.         3.00000001], 8.765780520163041e-17
40, 0.5, 0.7, 0.9, 17, 62, [0.99999996 3.00000004], 2.8645781670938073e-15
40, 0.5, 0.7, 0.9, 18, 72, [1. 3.], 3.1635675818541646e-20
40, 0.5, 0.7, 0.9, 19, 70, [1. 3.], 1.6848769524973692e-18
40, 0.5, 0.7, 1.0, 0, 70, [1.         2.99999999], 3.209992181160791e-16
40, 0.5, 0.7, 1.0, 1, 63, [1.         3.00000001], 6.880307426697082e-17
40, 0.5, 0.7, 1.0, 2, 66, [1. 3.], 7.73361328022206e-17
40, 0.5, 0.7, 1.0, 3, 70, [1. 3.], 1.734057267538261e-18
40, 0.5, 0.7, 1.0, 4, 70, [0.99999999 3.00000001], 3.4667165108017725e-16
40, 0.5, 0.7, 1.0, 5, 64, [0.99999999 3.        ], 5.564527239505043e-17
40, 0.5, 0.7, 1.0, 6, 65, [1.00000006 2.99999996], 6.461110785040225e-15
40, 0.5, 0.7, 1.0, 7, 67, [1. 3.], 2.480939684802955e-17
40, 0.5, 0.7, 1.0, 8, 66, [1.         3.00000001], 2.5540148657660863e-16
40, 0.5, 0.7, 1.0, 9, 68, [1. 3.], 1.0688708927153446e-16
40, 0.5, 0.7, 1.0, 10, 64, [1.0000004  2.99999939], 7.195453072316241e-13
40, 0.5, 0.7, 1.0, 11, 65, [0.99999993 3.00000005], 9.830482631017508e-15
40, 0.5, 0.7, 1.0, 12, 70, [1. 3.], 2.0331369528651494e-17
40, 0.5, 0.7, 1.0, 13, 64, [1.         3.00000001], 2.2162719950278977e-16
40, 0.5, 0.7, 1.0, 14, 67, [1. 3.], 1.5882504778332567e-17
40, 0.5, 0.7, 1.0, 15, 71, [0.99999999 3.00000001], 2.2846128121790296e-16
40, 0.5, 0.7, 1.0, 16, 64, [0.99999999 3.00000001], 1.8630909239596762e-16
40, 0.5, 0.7, 1.0, 17, 64, [1.         2.99999999], 7.831467372532462e-16
40, 0.5, 0.7, 1.0, 18, 64, [1.00000003 2.99999999], 3.780412377726815e-15
40, 0.5, 0.7, 1.0, 19, 68, [1. 3.], 2.326482623001818e-17
40, 0.5, 0.7, 1.1, 0, 65, [0.99999999 3.00000001], 1.1984781155079105e-16
40, 0.5, 0.7, 1.1, 1, 70, [1. 3.], 6.565561902849291e-17
40, 0.5, 0.7, 1.1, 2, 68, [1.         2.99999999], 5.747396007207881e-17
40, 0.5, 0.7, 1.1, 3, 68, [0.99999997 3.00000001], 3.164764990330945e-15
40, 0.5, 0.7, 1.1, 4, 70, [0.99999996 3.00000002], 2.9593102211314185e-15
40, 0.5, 0.7, 1.1, 5, 66, [1.00000002 2.99999998], 7.473230482123394e-16
40, 0.5, 0.7, 1.1, 6, 78, [1. 3.], 3.7439797520117245e-19
40, 0.5, 0.7, 1.1, 7, 64, [0.99999999 2.99999999], 2.6705467819314997e-15
40, 0.5, 0.7, 1.1, 8, 64, [1. 3.], 5.2692446085880474e-18
40, 0.5, 0.7, 1.1, 9, 68, [1. 3.], 3.660661656473897e-17
40, 0.5, 0.7, 1.1, 10, 62, [1.         2.99999999], 2.505825042346327e-16
40, 0.5, 0.7, 1.1, 11, 70, [1. 3.], 6.097263245320458e-19
40, 0.5, 0.7, 1.1, 12, 77, [1. 3.], 1.774804894873191e-18
40, 0.5, 0.7, 1.1, 13, 69, [1.00000002 2.99999998], 7.62516706215186e-16
40, 0.5, 0.7, 1.1, 14, 73, [1. 3.], 4.057998054190836e-19
40, 0.5, 0.7, 1.1, 15, 67, [1. 3.], 3.850309755219416e-17
40, 0.5, 0.7, 1.1, 16, 69, [1. 3.], 1.6969757716067032e-19
40, 0.5, 0.7, 1.1, 17, 69, [1. 3.], 1.7673161314084863e-16
40, 0.5, 0.7, 1.1, 18, 68, [1.00000001 3.        ], 4.969012972937279e-16
40, 0.5, 0.7, 1.1, 19, 64, [1.00000001 3.        ], 4.338020231985893e-16
40, 0.5, 0.7, 1.2, 0, 66, [1.00000001 3.        ], 5.361659184412615e-16
40, 0.5, 0.7, 1.2, 1, 73, [1. 3.], 1.701561678842856e-17
40, 0.5, 0.7, 1.2, 2, 65, [1.0000001  2.99999993], 2.094441602989082e-14
40, 0.5, 0.7, 1.2, 3, 63, [0.99999988 3.00000002], 4.771719959802064e-14
40, 0.5, 0.7, 1.2, 4, 67, [1.00000003 2.99999996], 3.043629410408425e-15
40, 0.5, 0.7, 1.2, 5, 76, [1. 3.], 9.958254679812587e-19
40, 0.5, 0.7, 1.2, 6, 68, [1.00000001 3.        ], 2.062152131610616e-16
40, 0.5, 0.7, 1.2, 7, 68, [1.         2.99999999], 7.386078167032761e-17
40, 0.5, 0.7, 1.2, 8, 71, [1.00000001 3.        ], 4.595093528539106e-16
40, 0.5, 0.7, 1.2, 9, 72, [1. 3.], 5.068658730546243e-17
40, 0.5, 0.7, 1.2, 10, 66, [1.00000001 2.99999999], 3.7326875935525853e-16
40, 0.5, 0.7, 1.2, 11, 66, [1.00000004 2.99999997], 2.8522318771952246e-15
40, 0.5, 0.7, 1.2, 12, 68, [1.         2.99999999], 8.22729906472759e-16
40, 0.5, 0.7, 1.2, 13, 71, [1.00000001 2.99999999], 2.305797356482101e-16
40, 0.5, 0.7, 1.2, 14, 66, [1.00000001 2.99999997], 1.392382167836719e-15
40, 0.5, 0.7, 1.2, 15, 71, [1. 3.], 4.0859724086109066e-17
40, 0.5, 0.7, 1.2, 16, 69, [1. 3.], 3.860302549376749e-18
40, 0.5, 0.7, 1.2, 17, 67, [1.         3.00000002], 8.950580845315061e-16
40, 0.5, 0.7, 1.2, 18, 68, [1.00000001 3.        ], 6.68827539314322e-17
40, 0.5, 0.7, 1.2, 19, 70, [0.99999999 3.00000001], 2.6740706652420063e-16
40, 0.5, 0.7, 1.3, 0, 67, [1.00000002 2.99999998], 1.0264309750584035e-15
40, 0.5, 0.7, 1.3, 1, 77, [1. 3.], 1.7607289933134177e-18
40, 0.5, 0.7, 1.3, 2, 71, [0.99999999 3.00000001], 1.159311938544344e-16
40, 0.5, 0.7, 1.3, 3, 80, [1. 3.], 7.94261016356736e-18
40, 0.5, 0.7, 1.3, 4, 69, [1. 3.], 2.2415158039573524e-17
40, 0.5, 0.7, 1.3, 5, 73, [1. 3.], 1.5904669810727094e-20
40, 0.5, 0.7, 1.3, 6, 67, [1.00000001 3.00000001], 1.4961348988757707e-15
40, 0.5, 0.7, 1.3, 7, 66, [0.99999988 3.00000012], 3.0282604938288954e-14
40, 0.5, 0.7, 1.3, 8, 72, [1.         3.00000001], 1.8995065313233526e-16
40, 0.5, 0.7, 1.3, 9, 69, [1. 3.], 3.163595044275193e-17
40, 0.5, 0.7, 1.3, 10, 71, [0.99999999 3.00000002], 5.052229492401465e-16
40, 0.5, 0.7, 1.3, 11, 64, [1.00000017 2.99999982], 6.28945277836013e-14
40, 0.5, 0.7, 1.3, 12, 71, [1. 3.], 1.816547275489327e-17
40, 0.5, 0.7, 1.3, 13, 74, [0.99999999 3.        ], 5.1286531630293005e-17
40, 0.5, 0.7, 1.3, 14, 69, [1. 3.], 1.1998040177637824e-17
40, 0.5, 0.7, 1.3, 15, 74, [1. 3.], 4.798520882228775e-18
40, 0.5, 0.7, 1.3, 16, 68, [1. 3.], 9.65170443586963e-17
40, 0.5, 0.7, 1.3, 17, 73, [1.00000001 2.99999999], 1.1235447789446272e-16
40, 0.5, 0.7, 1.3, 18, 72, [1. 3.], 8.799618581464694e-17
40, 0.5, 0.7, 1.3, 19, 68, [0.99999994 3.00000007], 8.109057476198546e-15
40, 0.5, 0.7, 1.4, 0, 68, [1.00000004 2.99999995], 4.666856059609567e-15
40, 0.5, 0.7, 1.4, 1, 66, [1. 3.], 1.6374082261537566e-16
40, 0.5, 0.7, 1.4, 2, 76, [1. 3.], 1.4816241918685242e-17
40, 0.5, 0.7, 1.4, 3, 69, [1. 3.], 9.1372570250861e-18
40, 0.5, 0.7, 1.4, 4, 68, [0.99999999 3.        ], 1.6600990416405014e-16
40, 0.5, 0.7, 1.4, 5, 70, [0.99999999 3.00000001], 1.3903593324312308e-16
40, 0.5, 0.7, 1.4, 6, 74, [1.         2.99999999], 6.067666780252918e-17
40, 0.5, 0.7, 1.4, 7, 71, [1. 3.], 2.53495759682238e-18
40, 0.5, 0.7, 1.4, 8, 74, [1. 3.], 4.4559341685993166e-17
40, 0.5, 0.7, 1.4, 9, 66, [1.00000012 2.99999995], 3.573989445799776e-14
40, 0.5, 0.7, 1.4, 10, 77, [1. 3.], 2.1247033283501623e-19
40, 0.5, 0.7, 1.4, 11, 73, [0.99999999 3.        ], 1.2060652489908737e-16
40, 0.5, 0.7, 1.4, 12, 71, [1.         3.00000001], 2.684497675108061e-16
40, 0.5, 0.7, 1.4, 13, 72, [1. 3.], 1.0394717159593203e-17
40, 0.5, 0.7, 1.4, 14, 79, [1. 3.], 3.507123771910076e-17
40, 0.5, 0.7, 1.4, 15, 71, [1. 3.], 1.3030549111343493e-17
40, 0.5, 0.7, 1.4, 16, 71, [1.00000001 3.        ], 1.2284890689836716e-16
40, 0.5, 0.7, 1.4, 17, 78, [1. 3.], 1.200627100860191e-17
40, 0.5, 0.7, 1.4, 18, 75, [1.00000001 2.99999999], 2.923064559933282e-16
40, 0.5, 0.7, 1.4, 19, 75, [1. 3.], 5.558588218598537e-18
40, 0.5, 0.7, 1.5, 0, 72, [1. 3.], 1.2038117649836278e-17
40, 0.5, 0.7, 1.5, 1, 74, [1. 3.], 5.428483367267022e-18
40, 0.5, 0.7, 1.5, 2, 70, [1. 3.], 1.823698401431655e-17
40, 0.5, 0.7, 1.5, 3, 73, [1.         2.99999999], 1.364049271294037e-15
40, 0.5, 0.7, 1.5, 4, 71, [0.99999999 3.00000001], 1.2166122426113184e-16
40, 0.5, 0.7, 1.5, 5, 74, [1. 3.], 7.803450916134953e-18
40, 0.5, 0.7, 1.5, 6, 76, [0.99999999 3.00000001], 9.128650952864041e-17
40, 0.5, 0.7, 1.5, 7, 69, [1. 3.], 3.828514522617053e-18
40, 0.5, 0.7, 1.5, 8, 73, [1. 3.], 1.0300435678125453e-17
40, 0.5, 0.7, 1.5, 9, 74, [1.         3.00000001], 6.592264682164605e-16
40, 0.5, 0.7, 1.5, 10, 73, [1.00000002 2.99999999], 4.618977269086816e-16
40, 0.5, 0.7, 1.5, 11, 66, [0.99999999 3.00000003], 4.029577492176497e-15
40, 0.5, 0.7, 1.5, 12, 74, [1.00000002 3.        ], 1.152111400965312e-15
40, 0.5, 0.7, 1.5, 13, 77, [1. 3.], 1.2167765494675708e-17
40, 0.5, 0.7, 1.5, 14, 72, [1.00000001 3.        ], 4.363609639231517e-16
40, 0.5, 0.7, 1.5, 15, 70, [0.99999997 3.00000002], 2.0615743204933955e-15
40, 0.5, 0.7, 1.5, 16, 72, [0.99999998 3.00000003], 1.1999901259117985e-15
40, 0.5, 0.7, 1.5, 17, 70, [1.00000001 3.        ], 2.5100801318693384e-16
40, 0.5, 0.7, 1.5, 18, 73, [1.00000002 2.99999999], 5.519551078886285e-16
40, 0.5, 0.7, 1.5, 19, 71, [1. 3.], 7.224163546705404e-18
40, 0.5, 0.7, 1.6, 0, 72, [0.99999999 3.00000001], 2.4817799428861114e-16
40, 0.5, 0.7, 1.6, 1, 73, [0.99999999 3.        ], 7.316310944999515e-17
40, 0.5, 0.7, 1.6, 2, 71, [1. 3.], 4.424080278264606e-19
40, 0.5, 0.7, 1.6, 3, 77, [0.99999999 3.00000001], 3.3318802102793837e-16
40, 0.5, 0.7, 1.6, 4, 81, [1. 3.], 2.793061236307971e-19
40, 0.5, 0.7, 1.6, 5, 73, [1.         3.00000001], 2.567643450249594e-16
40, 0.5, 0.7, 1.6, 6, 81, [1. 3.], 2.527937104154765e-18
40, 0.5, 0.7, 1.6, 7, 71, [0.99999999 3.00000003], 3.1661978586767786e-15
40, 0.5, 0.7, 1.6, 8, 81, [1.00000001 2.99999999], 2.7489510603750423e-16
40, 0.5, 0.7, 1.6, 9, 70, [1. 3.], 2.991520568924471e-17
40, 0.5, 0.7, 1.6, 10, 74, [0.99999998 3.00000006], 9.381407604572243e-15
40, 0.5, 0.7, 1.6, 11, 69, [1.00000001 2.99999998], 9.02034971505736e-16
40, 0.5, 0.7, 1.6, 12, 77, [1. 3.], 7.089176559540177e-18
40, 0.5, 0.7, 1.6, 13, 72, [0.99999999 3.00000001], 1.532221050570072e-16
40, 0.5, 0.7, 1.6, 14, 78, [1. 3.], 1.067256108707968e-17
40, 0.5, 0.7, 1.6, 15, 72, [0.99999999 3.00000001], 9.657722833166823e-17
40, 0.5, 0.7, 1.6, 16, 74, [1.00000001 2.99999999], 5.909835397698468e-17
40, 0.5, 0.7, 1.6, 17, 74, [1.         2.99999999], 8.897037478329939e-17
40, 0.5, 0.7, 1.6, 18, 73, [1.00000003 2.99999998], 1.659317271631638e-15
40, 0.5, 0.7, 1.6, 19, 73, [1.         3.00000001], 3.444186131583029e-16
40, 0.5, 0.7, 1.7, 0, 75, [0.99999999 3.00000004], 4.530603392469278e-15
40, 0.5, 0.7, 1.7, 1, 73, [0.99999995 3.00000003], 4.040102423458071e-15
40, 0.5, 0.7, 1.7, 2, 72, [1. 3.], 4.298862538269515e-18
40, 0.5, 0.7, 1.7, 3, 80, [1. 3.], 1.1458804285821948e-18
40, 0.5, 0.7, 1.7, 4, 74, [1.00000001 2.99999999], 2.5931487880244976e-16
40, 0.5, 0.7, 1.7, 5, 72, [1.00000002 2.99999998], 5.569952176509728e-16
40, 0.5, 0.7, 1.7, 6, 78, [1. 3.], 3.794213343001651e-19
40, 0.5, 0.7, 1.7, 7, 73, [0.99999984 3.00000018], 6.105526176132345e-14
40, 0.5, 0.7, 1.7, 8, 79, [1.00000001 2.99999999], 3.347338758313339e-16
40, 0.5, 0.7, 1.7, 9, 77, [1.         3.00000001], 4.449183030273835e-16
40, 0.5, 0.7, 1.7, 10, 78, [1. 3.], 2.9616981955476954e-17
40, 0.5, 0.7, 1.7, 11, 73, [1.00000004 2.99999998], 2.6769063069764455e-15
40, 0.5, 0.7, 1.7, 12, 72, [0.99999999 2.99999999], 1.0593279066278722e-15
40, 0.5, 0.7, 1.7, 13, 74, [1.00000004 2.99999998], 3.099292162454518e-15
40, 0.5, 0.7, 1.7, 14, 71, [1.00000002 2.99999997], 1.1943734353867326e-15
40, 0.5, 0.7, 1.7, 15, 73, [1.         2.99999999], 9.849405355938439e-17
40, 0.5, 0.7, 1.7, 16, 76, [1. 3.], 1.6245594554348633e-16
40, 0.5, 0.7, 1.7, 17, 76, [1.00000008 2.99999994], 1.3510537523710513e-14
40, 0.5, 0.7, 1.7, 18, 77, [1. 3.], 1.0295949262260564e-17
40, 0.5, 0.7, 1.7, 19, 75, [0.99999999 3.00000001], 1.1146688969595406e-16
40, 0.5, 0.7, 1.8, 0, 78, [1. 3.], 1.803530831357143e-20
40, 0.5, 0.7, 1.8, 1, 73, [0.99999999 3.        ], 1.2954735919738963e-16
40, 0.5, 0.7, 1.8, 2, 78, [1. 3.], 1.4451598136270137e-17
40, 0.5, 0.7, 1.8, 3, 85, [1. 3.], 1.0100567293459849e-18
40, 0.5, 0.7, 1.8, 4, 95, [1. 3.], 9.935227276137832e-22
40, 0.5, 0.7, 1.8, 5, 78, [1. 3.], 7.594252406741075e-18
40, 0.5, 0.7, 1.8, 6, 77, [1.00000001 2.99999999], 1.0724743165453003e-16
40, 0.5, 0.7, 1.8, 7, 74, [0.99999999 3.00000001], 1.880722173779726e-16
40, 0.5, 0.7, 1.8, 8, 72, [1.         3.00000001], 2.9925128531905484e-16
40, 0.5, 0.7, 1.8, 9, 71, [1.         3.00000002], 8.517041849417348e-16
40, 0.5, 0.7, 1.8, 10, 79, [0.99999998 3.00000002], 8.255132014539981e-16
40, 0.5, 0.7, 1.8, 11, 73, [0.99999995 3.00000001], 7.421341345565366e-15
40, 0.5, 0.7, 1.8, 12, 73, [0.99999997 3.00000003], 2.0192196118321142e-15
40, 0.5, 0.7, 1.8, 13, 76, [1. 3.], 1.9647997489128905e-17
40, 0.5, 0.7, 1.8, 14, 81, [1. 3.], 5.5087518164522155e-18
40, 0.5, 0.7, 1.8, 15, 75, [0.99999999 3.        ], 3.1945324073524627e-16
40, 0.5, 0.7, 1.8, 16, 79, [0.99999999 3.        ], 1.0017003804760969e-16
40, 0.5, 0.7, 1.8, 17, 78, [1. 3.], 2.081787039512682e-17
40, 0.5, 0.7, 1.8, 18, 79, [1. 3.], 3.6867272131064983e-17
40, 0.5, 0.7, 1.8, 19, 79, [0.99999999 3.00000001], 1.7274528622695437e-16
40, 0.5, 0.7, 1.9, 0, 82, [1. 3.], 5.609849256592209e-18
40, 0.5, 0.7, 1.9, 1, 82, [1. 3.], 4.3335315041714655e-17
40, 0.5, 0.7, 1.9, 2, 86, [1. 3.], 9.443032988921255e-18
40, 0.5, 0.7, 1.9, 3, 82, [1.00000001 3.        ], 1.0301871274534174e-16
40, 0.5, 0.7, 1.9, 4, 83, [1. 3.], 3.3283103141862448e-18
40, 0.5, 0.7, 1.9, 5, 82, [1. 3.], 1.5238333148362936e-18
40, 0.5, 0.7, 1.9, 6, 78, [1. 3.], 9.320226335037313e-18
40, 0.5, 0.7, 1.9, 7, 75, [1.         3.00000001], 1.6858237951443209e-16
40, 0.5, 0.7, 1.9, 8, 82, [0.99999999 3.        ], 1.392073420707392e-16
40, 0.5, 0.7, 1.9, 9, 78, [0.99999998 3.00000001], 4.342838280986927e-16
40, 0.5, 0.7, 1.9, 10, 67, [0.99999995 3.00000003], 6.332698792121057e-15
40, 0.5, 0.7, 1.9, 11, 81, [1. 3.], 1.5285933847868885e-18
40, 0.5, 0.7, 1.9, 12, 76, [1.00000001 3.00000001], 1.2129509978464649e-15
40, 0.5, 0.7, 1.9, 13, 75, [0.99999997 3.00000002], 2.3089947152529258e-15
40, 0.5, 0.7, 1.9, 14, 77, [0.99999998 3.00000002], 6.049017555569592e-16
40, 0.5, 0.7, 1.9, 15, 79, [0.99999999 3.00000001], 1.143676866379923e-16
40, 0.5, 0.7, 1.9, 16, 79, [1.         3.00000001], 9.408423427879592e-17
40, 0.5, 0.7, 1.9, 17, 74, [1. 3.], 2.4277603205953705e-17
40, 0.5, 0.7, 1.9, 18, 78, [1. 3.], 7.115286320344961e-18
40, 0.5, 0.7, 1.9, 19, 77, [0.99999999 3.        ], 1.1673760813672004e-16
40, 0.5, 0.7, 2.0, 0, 85, [1. 3.], 6.2704439251272396e-18
40, 0.5, 0.7, 2.0, 1, 77, [1.00000001 3.        ], 3.628418861185202e-16
40, 0.5, 0.7, 2.0, 2, 81, [1. 3.], 2.789845340257146e-17
40, 0.5, 0.7, 2.0, 3, 83, [1. 3.], 2.9076135677043005e-17
40, 0.5, 0.7, 2.0, 4, 85, [1. 3.], 2.828699673462394e-19
40, 0.5, 0.7, 2.0, 5, 81, [1. 3.], 8.724720597386032e-18
40, 0.5, 0.7, 2.0, 6, 79, [0.99999999 3.00000001], 4.1585032593062373e-16
40, 0.5, 0.7, 2.0, 7, 78, [1.00000001 2.99999999], 8.377870094142364e-17
40, 0.5, 0.7, 2.0, 8, 73, [1.         2.99999999], 7.57804617564559e-16
40, 0.5, 0.7, 2.0, 9, 75, [0.99999998 3.00000001], 5.308159411351402e-16
40, 0.5, 0.7, 2.0, 10, 79, [1. 3.], 3.5065101354598115e-17
40, 0.5, 0.7, 2.0, 11, 86, [1. 3.], 4.409467105757399e-18
40, 0.5, 0.7, 2.0, 12, 90, [1. 3.], 3.3773179721046136e-20
40, 0.5, 0.7, 2.0, 13, 75, [1.00000001 2.99999997], 2.4001854266794487e-15
40, 0.5, 0.7, 2.0, 14, 94, [1. 3.], 1.630279664829506e-18
40, 0.5, 0.7, 2.0, 15, 83, [1. 3.], 5.0001601350118214e-18
40, 0.5, 0.7, 2.0, 16, 76, [1.00000001 2.99999999], 2.583379626064001e-16
40, 0.5, 0.7, 2.0, 17, 84, [1. 3.], 4.360267297615651e-17
40, 0.5, 0.7, 2.0, 18, 81, [1.00000001 2.99999999], 2.2439620827203583e-16
40, 0.5, 0.7, 2.0, 19, 81, [0.99999999 3.00000002], 5.859221255770599e-16
40, 0.5, 0.7, 2.1, 0, 98, [1. 3.], 1.8606524262090393e-20
40, 0.5, 0.7, 2.1, 1, 79, [0.99999999 3.00000001], 2.40075963628154e-16
40, 0.5, 0.7, 2.1, 2, 89, [1. 3.], 2.054992671740139e-18
40, 0.5, 0.7, 2.1, 3, 97, [1. 3.], 1.2079602642039596e-19
40, 0.5, 0.7, 2.1, 4, 84, [1. 3.], 4.677109594223003e-18
40, 0.5, 0.7, 2.1, 5, 84, [0.99999999 3.00000001], 3.3641332683163136e-16
40, 0.5, 0.7, 2.1, 6, 92, [1. 3.], 6.6017639630023315e-18
40, 0.5, 0.7, 2.1, 7, 80, [0.99999998 3.00000002], 5.449169551518998e-16
40, 0.5, 0.7, 2.1, 8, 82, [1.00000001 3.        ], 2.1375618315574856e-16
40, 0.5, 0.7, 2.1, 9, 88, [1. 3.], 9.127810276478996e-18
40, 0.5, 0.7, 2.1, 10, 96, [1. 3.], 1.1474864814153915e-19
40, 0.5, 0.7, 2.1, 11, 81, [1. 3.], 3.737153838278443e-17
40, 0.5, 0.7, 2.1, 12, 89, [1. 3.], 5.967637662647743e-20
40, 0.5, 0.7, 2.1, 13, 79, [0.99999999 3.00000001], 1.5885949064913912e-16
40, 0.5, 0.7, 2.1, 14, 79, [1. 3.], 4.4143146655722986e-18
40, 0.5, 0.7, 2.1, 15, 81, [1.00000006 2.99999994], 7.704694090725049e-15
40, 0.5, 0.7, 2.1, 16, 76, [0.99999999 3.00000002], 1.0210958297470959e-15
40, 0.5, 0.7, 2.1, 17, 90, [1. 3.], 6.984663298337803e-19
40, 0.5, 0.7, 2.1, 18, 84, [1. 3.], 7.157209796906588e-18
40, 0.5, 0.7, 2.1, 19, 83, [1. 3.], 2.2520349666418486e-17
40, 0.5, 0.7, 2.2, 0, 96, [1. 3.], 3.5185034058099086e-19
40, 0.5, 0.7, 2.2, 1, 82, [1. 3.], 5.928156938757273e-17
40, 0.5, 0.7, 2.2, 2, 88, [1. 3.], 1.097190381734201e-17
40, 0.5, 0.7, 2.2, 3, 101, [1. 3.], 6.890675524807345e-21
40, 0.5, 0.7, 2.2, 4, 80, [0.99999999 3.00000005], 9.786347718429485e-15
40, 0.5, 0.7, 2.2, 5, 77, [1. 3.], 2.8453742103846296e-18
40, 0.5, 0.7, 2.2, 6, 86, [1. 3.], 1.719507197546357e-17
40, 0.5, 0.7, 2.2, 7, 85, [1.00000001 2.99999999], 3.3819225590334796e-16
40, 0.5, 0.7, 2.2, 8, 87, [1.00000002 2.99999998], 8.487922078191788e-16
40, 0.5, 0.7, 2.2, 9, 85, [1. 3.], 1.6812783913207495e-17
40, 0.5, 0.7, 2.2, 10, 82, [0.99999998 3.00000003], 1.2435130289106594e-15
40, 0.5, 0.7, 2.2, 11, 81, [1.         2.99999999], 5.389237513088084e-17
40, 0.5, 0.7, 2.2, 12, 86, [1. 3.], 1.203661361316351e-17
40, 0.5, 0.7, 2.2, 13, 88, [1. 3.], 4.4058685685025126e-17
40, 0.5, 0.7, 2.2, 14, 91, [1. 3.], 1.7068386944118902e-17
40, 0.5, 0.7, 2.2, 15, 83, [1.00000002 2.99999997], 1.740760190574478e-15
40, 0.5, 0.7, 2.2, 16, 87, [1. 3.], 2.5259356879026502e-17
40, 0.5, 0.7, 2.2, 17, 83, [1.00000001 3.        ], 1.8713816437743142e-16
40, 0.5, 0.7, 2.2, 18, 83, [1. 3.], 1.4395939710518358e-17
40, 0.5, 0.7, 2.2, 19, 91, [1. 3.], 1.251099138405695e-18
40, 0.5, 0.7, 2.3, 0, 96, [1. 3.], 1.2312888982176821e-19
40, 0.5, 0.7, 2.3, 1, 87, [0.99999999 3.00000001], 2.4575994164130112e-16
40, 0.5, 0.7, 2.3, 2, 86, [1.00000006 2.99999994], 7.585181956437146e-15
40, 0.5, 0.7, 2.3, 3, 83, [1.00000002 2.99999996], 3.103929950434992e-15
40, 0.5, 0.7, 2.3, 4, 86, [0.99999995 3.00000004], 5.11237513529908e-15
40, 0.5, 0.7, 2.3, 5, 83, [0.99999999 3.        ], 1.8468185756207205e-16
40, 0.5, 0.7, 2.3, 6, 83, [0.99999999 3.00000002], 6.401528922375797e-16
40, 0.5, 0.7, 2.3, 7, 95, [1. 3.], 1.5669240392133936e-17
40, 0.5, 0.7, 2.3, 8, 92, [1. 3.], 1.9653823547096826e-17
40, 0.5, 0.7, 2.3, 9, 90, [1. 3.], 4.1272395677500114e-18
40, 0.5, 0.7, 2.3, 10, 83, [1. 3.], 9.15070555191907e-18
40, 0.5, 0.7, 2.3, 11, 89, [1. 3.], 1.890667021287904e-16
40, 0.5, 0.7, 2.3, 12, 90, [1. 3.], 3.0655641299458606e-18
40, 0.5, 0.7, 2.3, 13, 97, [1. 3.], 1.455806787093969e-18
40, 0.5, 0.7, 2.3, 14, 83, [1.00000004 2.99999999], 3.650876326591008e-15
40, 0.5, 0.7, 2.3, 15, 89, [0.99999997 3.00000003], 1.6706181732356698e-15
40, 0.5, 0.7, 2.3, 16, 92, [1. 3.], 7.637214317829348e-18
40, 0.5, 0.7, 2.3, 17, 98, [1. 3.], 1.6265654092482345e-18
40, 0.5, 0.7, 2.3, 18, 88, [1. 3.], 9.604241829576722e-20
40, 0.5, 0.7, 2.3, 19, 85, [1. 3.], 4.1965860224470494e-17
40, 0.5, 0.7, 2.4, 0, 87, [1.00000005 2.99999993], 8.643863763232282e-15
40, 0.5, 0.7, 2.4, 1, 86, [0.99999999 3.00000001], 2.4500820334234364e-16
40, 0.5, 0.7, 2.4, 2, 108, [1. 3.], 2.137498240376457e-19
40, 0.5, 0.7, 2.4, 3, 90, [1. 3.], 3.6250760588167205e-18
40, 0.5, 0.7, 2.4, 4, 94, [1. 3.], 5.2605369941018375e-18
40, 0.5, 0.7, 2.4, 5, 98, [1. 3.], 1.2598920962473852e-17
40, 0.5, 0.7, 2.4, 6, 94, [1.00000001 2.99999999], 6.414048542207944e-17
40, 0.5, 0.7, 2.4, 7, 94, [1. 3.], 4.3998338535459444e-18
40, 0.5, 0.7, 2.4, 8, 89, [0.99999999 3.00000001], 3.420531538107783e-16
40, 0.5, 0.7, 2.4, 9, 97, [1.         3.00000001], 6.63633353615633e-17
40, 0.5, 0.7, 2.4, 10, 98, [1. 3.], 1.049239654994391e-17
40, 0.5, 0.7, 2.4, 11, 95, [1. 3.], 9.460407858459466e-19
40, 0.5, 0.7, 2.4, 12, 102, [1. 3.], 1.7114183397376249e-19
40, 0.5, 0.7, 2.4, 13, 103, [1. 3.], 1.204396606142987e-19
40, 0.5, 0.7, 2.4, 14, 87, [1. 3.], 2.0334959630477802e-17
40, 0.5, 0.7, 2.4, 15, 99, [1. 3.], 2.2639623136282957e-18
40, 0.5, 0.7, 2.4, 16, 94, [0.99999999 3.00000001], 5.739463766595058e-17
40, 0.5, 0.7, 2.4, 17, 96, [1.         2.99999999], 5.945150470066154e-17
40, 0.5, 0.7, 2.4, 18, 99, [1. 3.], 1.2687787402636242e-18
40, 0.5, 0.7, 2.4, 19, 94, [1.         2.99999999], 1.3024874499994037e-16
40, 0.5, 0.7, 2.5, 0, 94, [1. 3.], 1.5155717598604079e-18
40, 0.5, 0.7, 2.5, 1, 106, [1. 3.], 4.785369504616523e-18
40, 0.5, 0.7, 2.5, 2, 98, [1.00000001 2.99999999], 3.673662465062504e-16
40, 0.5, 0.7, 2.5, 3, 92, [0.99999999 3.00000001], 1.7896937172523638e-16
40, 0.5, 0.7, 2.5, 4, 109, [1. 3.], 2.704961161918472e-20
40, 0.5, 0.7, 2.5, 5, 97, [1. 3.], 1.9733129407725062e-17
40, 0.5, 0.7, 2.5, 6, 104, [1. 3.], 5.672871387533824e-17
40, 0.5, 0.7, 2.5, 7, 102, [1. 3.], 8.577267498664392e-19
40, 0.5, 0.7, 2.5, 8, 102, [1. 3.], 5.456506166032395e-18
40, 0.5, 0.7, 2.5, 9, 97, [1. 3.], 7.953486690788834e-17
40, 0.5, 0.7, 2.5, 10, 86, [1.00000003 2.99999998], 2.0351232024480745e-15
40, 0.5, 0.7, 2.5, 11, 99, [0.99999999 3.00000001], 2.0163408721877004e-16
40, 0.5, 0.7, 2.5, 12, 96, [1. 3.], 4.5251737746664754e-17
40, 0.5, 0.7, 2.5, 13, 101, [1. 3.], 5.297317367128605e-19
40, 0.5, 0.7, 2.5, 14, 101, [1.00000001 2.99999999], 5.898391335982891e-17
40, 0.5, 0.7, 2.5, 15, 122, [1. 3.], 3.0257528788369873e-21
40, 0.5, 0.7, 2.5, 16, 105, [1. 3.], 3.0362014877814514e-20
40, 0.5, 0.7, 2.5, 17, 98, [1. 3.], 6.461723619280616e-18
40, 0.5, 0.7, 2.5, 18, 112, [1. 3.], 6.741298969717237e-19
40, 0.5, 0.7, 2.5, 19, 104, [1. 3.], 7.1674686262959e-18
40, 0.5, 0.7, 2.6, 0, 93, [1.00000001 2.99999999], 1.781675345375184e-16
40, 0.5, 0.7, 2.6, 1, 150, [1. 3.], 1.0685909822123826e-24
40, 0.5, 0.7, 2.6, 2, 105, [1. 3.], 7.02538748598912e-19
40, 0.5, 0.7, 2.6, 3, 112, [1. 3.], 1.5082673985842542e-19
40, 0.5, 0.7, 2.6, 4, 99, [1.00000001 3.        ], 6.510125882829384e-17
40, 0.5, 0.7, 2.6, 5, 99, [0.99999998 3.00000001], 6.67897575548215e-16
40, 0.5, 0.7, 2.6, 6, 114, [1. 3.], 6.288405463275765e-20
40, 0.5, 0.7, 2.6, 7, 108, [1. 3.], 5.917954797527291e-18
40, 0.5, 0.7, 2.6, 8, 92, [1.00000011 2.99999995], 2.8197472146901252e-14
40, 0.5, 0.7, 2.6, 9, 105, [1. 3.], 2.0150767195196375e-18
40, 0.5, 0.7, 2.6, 10, 101, [1. 3.], 5.225152451091781e-17
40, 0.5, 0.7, 2.6, 11, 92, [1.         3.00000001], 3.1452505432008247e-16
40, 0.5, 0.7, 2.6, 12, 122, [1. 3.], 7.757840211040355e-23
40, 0.5, 0.7, 2.6, 13, 107, [1. 3.], 8.82349344243928e-18
40, 0.5, 0.7, 2.6, 14, 101, [1. 3.], 1.322113454317976e-17
40, 0.5, 0.7, 2.6, 15, 95, [0.99999999 3.00000001], 2.9496621055028337e-16
40, 0.5, 0.7, 2.6, 16, 123, [1. 3.], 4.112595583563314e-21
40, 0.5, 0.7, 2.6, 17, 108, [1. 3.], 2.5615937569235316e-18
40, 0.5, 0.7, 2.6, 18, 104, [1. 3.], 6.506663190559755e-18
40, 0.5, 0.7, 2.6, 19, 106, [1. 3.], 9.045965421493466e-19
40, 0.5, 0.7, 2.7, 0, 121, [1. 3.], 4.929067591160405e-20
40, 0.5, 0.7, 2.7, 1, 114, [1. 3.], 7.355934419472652e-18
40, 0.5, 0.7, 2.7, 2, 106, [0.99999999 3.        ], 1.0845903008074817e-16
40, 0.5, 0.7, 2.7, 3, 117, [1. 3.], 3.298999987257586e-19
40, 0.5, 0.7, 2.7, 4, 98, [0.99999998 3.00000001], 6.227389980732937e-16
40, 0.5, 0.7, 2.7, 5, 101, [1. 3.], 6.22730903371603e-17
40, 0.5, 0.7, 2.7, 6, 107, [1.00000002 2.99999996], 2.639864293812397e-15
40, 0.5, 0.7, 2.7, 7, 96, [1.00000002 2.99999997], 1.4060602441470108e-15
40, 0.5, 0.7, 2.7, 8, 105, [1. 3.], 1.6333677433807214e-17
40, 0.5, 0.7, 2.7, 9, 123, [1. 3.], 2.3422493425754935e-21
40, 0.5, 0.7, 2.7, 10, 117, [1. 3.], 8.289680331558279e-20
40, 0.5, 0.7, 2.7, 11, 112, [1. 3.], 1.0010701742432231e-19
40, 0.5, 0.7, 2.7, 12, 115, [1. 3.], 2.1361057120254413e-19
40, 0.5, 0.7, 2.7, 13, 106, [1. 3.], 2.2410322993631136e-17
40, 0.5, 0.7, 2.7, 14, 138, [1. 3.], 5.24313000664644e-23
40, 0.5, 0.7, 2.7, 15, 118, [1. 3.], 1.893388932697916e-21
40, 0.5, 0.7, 2.7, 16, 104, [0.99999999 3.        ], 4.8215968768673086e-17
40, 0.5, 0.7, 2.7, 17, 107, [1. 3.], 2.905990914694765e-17
40, 0.5, 0.7, 2.7, 18, 102, [1. 3.], 2.995922061184874e-17
40, 0.5, 0.7, 2.7, 19, 113, [1. 3.], 5.857370932750062e-18
40, 0.5, 0.7, 2.8, 0, 124, [1. 3.], 2.5141170430055447e-19
40, 0.5, 0.7, 2.8, 1, 118, [1. 3.], 4.1670835185254904e-18
40, 0.5, 0.7, 2.8, 2, 133, [1. 3.], 7.968685359105507e-20
40, 0.5, 0.7, 2.8, 3, 164, [1. 3.], 3.363702899862394e-27
40, 0.5, 0.7, 2.8, 4, 136, [1. 3.], 8.70689391699324e-22
40, 0.5, 0.7, 2.8, 5, 129, [1. 3.], 9.274097926300337e-19
40, 0.5, 0.7, 2.8, 6, 132, [1. 3.], 1.534006302406905e-22
40, 0.5, 0.7, 2.8, 7, 124, [1. 3.], 1.119768080064756e-17
40, 0.5, 0.7, 2.8, 8, 131, [1. 3.], 3.401142825336697e-20
40, 0.5, 0.7, 2.8, 9, 117, [1. 3.], 5.549391023033844e-19
40, 0.5, 0.7, 2.8, 10, 127, [1. 3.], 8.259219149278992e-20
40, 0.5, 0.7, 2.8, 11, 121, [1. 3.], 4.473809384840701e-21
40, 0.5, 0.7, 2.8, 12, 137, [1. 3.], 2.2030543901428345e-22
40, 0.5, 0.7, 2.8, 13, 120, [1. 3.], 6.774655494308782e-20
40, 0.5, 0.7, 2.8, 14, 125, [1. 3.], 7.191146564170576e-20
40, 0.5, 0.7, 2.8, 15, 125, [1. 3.], 1.4788857280251157e-20
40, 0.5, 0.7, 2.8, 16, 126, [1. 3.], 9.020626110334526e-20
40, 0.5, 0.7, 2.8, 17, 124, [1. 3.], 1.036733993770355e-19
40, 0.5, 0.7, 2.8, 18, 107, [1. 3.], 8.875753219389706e-18
40, 0.5, 0.7, 2.8, 19, 111, [1. 3.], 2.2731018641778826e-18
40, 0.5, 0.7, 2.9, 0, 148, [1. 3.], 4.472093934227094e-22
40, 0.5, 0.7, 2.9, 1, 147, [1. 3.], 1.397769702219987e-20
40, 0.5, 0.7, 2.9, 2, 117, [1. 3.], 2.044919248910772e-17
40, 0.5, 0.7, 2.9, 3, 128, [1. 3.], 7.42253798158259e-19
40, 0.5, 0.7, 2.9, 4, 140, [1. 3.], 4.727189819829783e-20
40, 0.5, 0.7, 2.9, 5, 169, [1. 3.], 1.368716347933428e-23
40, 0.5, 0.7, 2.9, 6, 181, [1. 3.], 3.4839253018180765e-26
40, 0.5, 0.7, 2.9, 7, 135, [1. 3.], 7.719356799301176e-19
40, 0.5, 0.7, 2.9, 8, 166, [1. 3.], 2.578912516912323e-24
40, 0.5, 0.7, 2.9, 9, 176, [1. 3.], 5.6521883859085496e-27
40, 0.5, 0.7, 2.9, 10, 144, [1. 3.], 9.327101358900695e-21
40, 0.5, 0.7, 2.9, 11, 151, [1. 3.], 2.235518998286901e-24
40, 0.5, 0.7, 2.9, 12, 132, [1. 3.], 1.3261213827432734e-19
40, 0.5, 0.7, 2.9, 13, 130, [1. 3.], 6.186678682192095e-19
40, 0.5, 0.7, 2.9, 14, 132, [1. 3.], 1.7988205126786957e-19
40, 0.5, 0.7, 2.9, 15, 158, [1. 3.], 1.0758460570716097e-23
40, 0.5, 0.7, 2.9, 16, 143, [1. 3.], 3.1072330177501893e-22
40, 0.5, 0.7, 2.9, 17, 140, [1. 3.], 1.1757183917490091e-21
40, 0.5, 0.7, 2.9, 18, 152, [1. 3.], 5.84686639888434e-23
40, 0.5, 0.7, 2.9, 19, 138, [1. 3.], 5.946336319836768e-21
40, 0.5, 0.7, 3.0, 0, 179, [1. 3.], 2.1862873882606334e-22
40, 0.5, 0.7, 3.0, 1, 202, [1. 3.], 1.5105432046143075e-24
40, 0.5, 0.7, 3.0, 2, 173, [1. 3.], 2.2507100611843057e-22
40, 0.5, 0.7, 3.0, 3, 156, [1. 3.], 1.0474039816026211e-19
40, 0.5, 0.7, 3.0, 4, 179, [1. 3.], 3.736581672542262e-25
40, 0.5, 0.7, 3.0, 5, 157, [1. 3.], 1.2727914968126955e-20
40, 0.5, 0.7, 3.0, 6, 144, [1. 3.], 1.3268175875380655e-18
40, 0.5, 0.7, 3.0, 7, 174, [1. 3.], 2.259601344001488e-24
40, 0.5, 0.7, 3.0, 8, 144, [1. 3.], 6.618547202848682e-19
40, 0.5, 0.7, 3.0, 9, 169, [1. 3.], 5.367922358712158e-25
40, 0.5, 0.7, 3.0, 10, 170, [1. 3.], 3.4964287471658296e-24
40, 0.5, 0.7, 3.0, 11, 167, [1. 3.], 3.0743526641318533e-22
40, 0.5, 0.7, 3.0, 12, 180, [1. 3.], 6.148454864926299e-23
40, 0.5, 0.7, 3.0, 13, 138, [1. 3.], 3.1781682655851293e-17
40, 0.5, 0.7, 3.0, 14, 146, [1. 3.], 7.412905239352356e-20
40, 0.5, 0.7, 3.0, 15, 137, [1. 3.], 7.287814604972937e-18
40, 0.5, 0.7, 3.0, 16, 161, [1. 3.], 3.330648876938052e-21
40, 0.5, 0.7, 3.0, 17, 152, [1. 3.], 5.907576945612393e-20
40, 0.5, 0.7, 3.0, 18, 193, [1. 3.], 1.495450560003438e-23
40, 0.5, 0.7, 3.0, 19, 143, [1. 3.], 7.497536931934432e-21
40, 0.5, 0.7, 3.1, 0, 186, [1. 3.], 1.8448843865801374e-22
40, 0.5, 0.7, 3.1, 1, 171, [1. 3.], 2.929402604575286e-22
40, 0.5, 0.7, 3.1, 2, 194, [1. 3.], 1.281827184641769e-24
40, 0.5, 0.7, 3.1, 3, 250, [1. 3.], 6.310887241768095e-30
40, 0.5, 0.7, 3.1, 4, 150, [1. 3.], 1.291257396695349e-19
40, 0.5, 0.7, 3.1, 5, 174, [1. 3.], 5.318111511789014e-22
40, 0.5, 0.7, 3.1, 6, 211, [1. 3.], 1.2461916633144673e-22
40, 0.5, 0.7, 3.1, 7, 183, [1. 3.], 5.00870389589755e-23
40, 0.5, 0.7, 3.1, 8, 167, [1. 3.], 1.227209137691344e-22
40, 0.5, 0.7, 3.1, 9, 184, [1. 3.], 7.7816053163419075e-22
40, 0.5, 0.7, 3.1, 10, 216, [1. 3.], 3.12964786928332e-26
40, 0.5, 0.7, 3.1, 11, 219, [1. 3.], 5.307456170326967e-26
40, 0.5, 0.7, 3.1, 12, 184, [1. 3.], 1.4258910930776743e-23
40, 0.5, 0.7, 3.1, 13, 219, [1. 3.], 1.2072727293502365e-25
40, 0.5, 0.7, 3.1, 14, 144, [1. 3.], 5.771334203856971e-18
40, 0.5, 0.7, 3.1, 15, 202, [1. 3.], 1.6518905127509031e-25
40, 0.5, 0.7, 3.1, 16, 199, [1. 3.], 3.1497007134940383e-25
40, 0.5, 0.7, 3.1, 17, 207, [1. 3.], 5.965315678183357e-24
40, 0.5, 0.7, 3.1, 18, 191, [1. 3.], 4.054760396180607e-22
40, 0.5, 0.7, 3.1, 19, 176, [1. 3.], 1.2281323756875152e-20
40, 0.5, 0.7, 3.2, 0, 247, [1. 3.], 2.5874637691249187e-28
40, 0.5, 0.7, 3.2, 1, 259, [1. 3.], 1.135959703518257e-28
40, 0.5, 0.7, 3.2, 2, 238, [1. 3.], 2.3804276189801168e-23
40, 0.5, 0.7, 3.2, 3, 207, [1. 3.], 1.773209494473715e-22
40, 0.5, 0.7, 3.2, 4, 228, [1. 3.], 1.2925485932046278e-26
40, 0.5, 0.7, 3.2, 5, 231, [1. 3.], 4.049380798680498e-26
40, 0.5, 0.7, 3.2, 6, 225, [1. 3.], 2.7443237114183235e-23
40, 0.5, 0.7, 3.2, 7, 221, [1. 3.], 2.615908515645378e-24
40, 0.5, 0.7, 3.2, 8, 226, [1. 3.], 3.409456832365213e-26
40, 0.5, 0.7, 3.2, 9, 190, [1. 3.], 8.531745039534399e-19
40, 0.5, 0.7, 3.2, 10, 251, [1. 3.], 1.245848027615544e-26
40, 0.5, 0.7, 3.2, 11, 220, [1. 3.], 1.6520502570842104e-23
40, 0.5, 0.7, 3.2, 12, 213, [1. 3.], 4.321957619089678e-22
40, 0.5, 0.7, 3.2, 13, 208, [1. 3.], 4.696833787581566e-22
40, 0.5, 0.7, 3.2, 14, 238, [1. 3.], 3.779871913551985e-23
40, 0.5, 0.7, 3.2, 15, 247, [1. 3.], 1.4299586965632654e-24
40, 0.5, 0.7, 3.2, 16, 290, [1. 3.], 2.271919407036514e-28
40, 0.5, 0.7, 3.2, 17, 306, [1. 3.], 1.9721522630525295e-29
40, 0.5, 0.7, 3.2, 18, 187, [1. 3.], 6.279734778232093e-20
40, 0.5, 0.7, 3.2, 19, 215, [1. 3.], 5.457465960063795e-24
40, 0.5, 0.7, 3.3, 0, 257, [1. 3.], 3.740832055099593e-23
40, 0.5, 0.7, 3.3, 1, 278, [1. 3.], 5.452086717551093e-24
40, 0.5, 0.7, 3.3, 2, 213, [1. 3.], 1.104945461113511e-21
40, 0.5, 0.7, 3.3, 3, 282, [1. 3.], 9.752214054704236e-26
40, 0.5, 0.7, 3.3, 4, 292, [1. 3.], 1.262177448353619e-29
40, 0.5, 0.7, 3.3, 5, 400, [1. 3.], 0.0
40, 0.5, 0.7, 3.3, 6, 247, [1. 3.], 3.618915968780401e-24
40, 0.5, 0.7, 3.3, 7, 277, [1. 3.], 3.029856964772862e-25
40, 0.5, 0.7, 3.3, 8, 293, [1. 3.], 1.5225015470765528e-28
40, 0.5, 0.7, 3.3, 9, 239, [1. 3.], 1.7170169758197773e-23
40, 0.5, 0.7, 3.3, 10, 240, [1. 3.], 3.895918322533699e-23
40, 0.5, 0.7, 3.3, 11, 295, [1. 3.], 3.549874073494553e-29
40, 0.5, 0.7, 3.3, 12, 253, [1. 3.], 3.7480122670589147e-25
40, 0.5, 0.7, 3.3, 13, 301, [1. 3.], 5.127595883936577e-29
40, 0.5, 0.7, 3.3, 14, 276, [1. 3.], 3.175638460057705e-26
40, 0.5, 0.7, 3.3, 15, 273, [1. 3.], 3.334411705590633e-24
40, 0.5, 0.7, 3.3, 16, 370, [1. 3.], 0.0
40, 0.5, 0.7, 3.3, 17, 332, [1. 3.], 0.0
40, 0.5, 0.7, 3.3, 18, 238, [1. 3.], 2.162776556494661e-23
40, 0.5, 0.7, 3.3, 19, 352, [1. 3.], 1.5777218104420236e-29
40, 0.5, 0.7, 3.4, 0, 349, [1. 3.], 8.271206591242309e-27
40, 0.5, 0.7, 3.4, 1, 403, [1. 3.], 2.2876966251409342e-29
40, 0.5, 0.7, 3.4, 2, 281, [1. 3.], 6.218259194277043e-25
40, 0.5, 0.7, 3.4, 3, 367, [1. 3.], 7.888609052210118e-31
40, 0.5, 0.7, 3.4, 4, 595, [1. 3.], 0.0
40, 0.5, 0.7, 3.4, 5, 409, [1. 3.], 9.190229545824788e-28
40, 0.5, 0.7, 3.4, 6, 412, [1. 3.], 0.0
40, 0.5, 0.7, 3.4, 7, 450, [1. 3.], 0.0
40, 0.5, 0.7, 3.4, 8, 405, [1. 3.], 3.1554436208840472e-30
40, 0.5, 0.7, 3.4, 9, 437, [1. 3.], 0.0
40, 0.5, 0.7, 3.4, 10, 312, [1. 3.], 5.0408114024870407e-23
40, 0.5, 0.7, 3.4, 11, 318, [1. 3.], 1.0255191767873153e-28
40, 0.5, 0.7, 3.4, 12, 311, [1. 3.], 5.888139838103775e-24
40, 0.5, 0.7, 3.4, 13, 408, [1. 3.], 0.0
40, 0.5, 0.7, 3.4, 14, 443, [1. 3.], 0.0
40, 0.5, 0.7, 3.4, 15, 397, [1. 3.], 0.0
40, 0.5, 0.7, 3.4, 16, 343, [1. 3.], 5.025043966257845e-28
40, 0.5, 0.7, 3.4, 17, 426, [1. 3.], 7.888609052210118e-31
40, 0.5, 0.7, 3.4, 18, 423, [1. 3.], 7.888609052210118e-31
40, 0.5, 0.7, 3.4, 19, 293, [1. 3.], 8.676602210435387e-26
40, 0.5, 0.7, 3.5, 0, 757, [1. 3.], 0.0
40, 0.5, 0.7, 3.5, 1, 459, [1. 3.], 1.0890642892855835e-24
40, 0.5, 0.7, 3.5, 2, 498, [1. 3.], 1.0255191767873153e-29
40, 0.5, 0.7, 3.5, 3, 458, [1. 3.], 1.562197027827274e-25
40, 0.5, 0.7, 3.5, 4, 663, [1. 3.], 0.0
40, 0.5, 0.7, 3.5, 5, 553, [1. 3.], 0.0
40, 0.5, 0.7, 3.5, 6, 446, [1. 3.], 1.0294634813134204e-27
40, 0.5, 0.7, 3.5, 7, 616, [1. 3.], 0.0
40, 0.5, 0.7, 3.5, 8, 705, [1. 3.], 0.0
40, 0.5, 0.7, 3.5, 9, 556, [1. 3.], 0.0
40, 0.5, 0.7, 3.5, 10, 570, [1. 3.], 7.888609052210118e-31
40, 0.5, 0.7, 3.5, 11, 643, [1. 3.], 0.0
40, 0.5, 0.7, 3.5, 12, 735, [1. 3.], 0.0
40, 0.5, 0.7, 3.5, 13, 451, [1. 3.], 2.9187853493177437e-29
40, 0.5, 0.7, 3.5, 14, 647, [1. 3.], 0.0
40, 0.5, 0.7, 3.5, 15, 658, [1. 3.], 0.0
40, 0.5, 0.7, 3.5, 16, 554, [1. 3.], 0.0
40, 0.5, 0.7, 3.5, 17, 765, [1. 3.], 0.0
40, 0.5, 0.7, 3.5, 18, 486, [1. 3.], 5.048709793414476e-29
40, 0.5, 0.7, 3.5, 19, 629, [1. 3.], 0.0
40, 0.5, 0.7, 3.6, 0, 926, [1. 3.], 0.0
40, 0.5, 0.7, 3.6, 1, 708, [1. 3.], 7.888609052210118e-31
40, 0.5, 0.7, 3.6, 2, 679, [1. 3.], 0.0
40, 0.5, 0.7, 3.6, 3, 788, [1. 3.], 0.0
40, 0.5, 0.7, 3.6, 4, 805, [1. 3.], 0.0
40, 0.5, 0.7, 3.6, 5, 890, [1. 3.], 0.0
40, 0.5, 0.7, 3.6, 6, 731, [1. 3.], 0.0
40, 0.5, 0.7, 3.6, 7, 999, [1. 3.], 0.0
40, 0.5, 0.7, 3.6, 8, 943, [1. 3.], 0.0
40, 0.5, 0.7, 3.6, 9, 926, [1. 3.], 0.0
40, 0.5, 0.7, 3.6, 10, 856, [1. 3.], 0.0
40, 0.5, 0.7, 3.6, 11, 884, [1. 3.], 0.0
40, 0.5, 0.7, 3.6, 12, 738, [1. 3.], 0.0
40, 0.5, 0.7, 3.6, 13, 807, [1. 3.], 0.0
40, 0.5, 0.7, 3.6, 14, 999, [1. 3.], 0.0
40, 0.5, 0.7, 3.6, 15, 884, [1. 3.], 0.0
40, 0.5, 0.7, 3.6, 16, 999, [1. 3.], 0.0
40, 0.5, 0.7, 3.6, 17, 724, [1. 3.], 7.888609052210118e-31
40, 0.5, 0.7, 3.6, 18, 999, [1. 3.], 0.0
40, 0.5, 0.7, 3.6, 19, 918, [1. 3.], 0.0
40, 0.5, 0.7, 3.7, 0, 999, [1. 3.], 5.127595883936577e-29
40, 0.5, 0.7, 3.7, 1, 999, [1. 3.], 1.5777218104420236e-29
40, 0.5, 0.7, 3.7, 2, 999, [1. 3.], 3.155443620884047e-29
40, 0.5, 0.7, 3.7, 3, 999, [1. 3.], 1.2685672216859091e-26
40, 0.5, 0.7, 3.7, 4, 999, [1. 3.], 7.888609052210118e-31
40, 0.5, 0.7, 3.7, 5, 999, [1. 3.], 0.0
40, 0.5, 0.7, 3.7, 6, 999, [1. 3.], 2.524354896707238e-29
40, 0.5, 0.7, 3.7, 7, 999, [1. 3.], 0.0
40, 0.5, 0.7, 3.7, 8, 999, [1. 3.], 3.0614902870722247e-25
40, 0.5, 0.7, 3.7, 9, 999, [1. 3.], 3.1554436208840472e-30
40, 0.5, 0.7, 3.7, 10, 999, [1. 3.], 7.888609052210118e-31
40, 0.5, 0.7, 3.7, 11, 999, [1. 3.], 6.310887241768095e-30
40, 0.5, 0.7, 3.7, 12, 999, [1. 3.], 2.68212707775144e-28
40, 0.5, 0.7, 3.7, 13, 999, [1. 3.], 2.6191759775148034e-25
40, 0.5, 0.7, 3.7, 14, 999, [1. 3.], 4.1020767071492614e-29
40, 0.5, 0.7, 3.7, 15, 999, [1. 3.], 0.0
40, 0.5, 0.7, 3.7, 16, 999, [1. 3.], 0.0
40, 0.5, 0.7, 3.7, 17, 999, [1. 3.], 2.65846125059481e-28
40, 0.5, 0.7, 3.7, 18, 999, [1. 3.], 3.944304526105059e-30
40, 0.5, 0.7, 3.7, 19, 999, [1. 3.], 0.0
40, 0.5, 0.7, 3.8, 0, 999, [1. 3.], 1.589844551516917e-23
40, 0.5, 0.7, 3.8, 1, 999, [1. 3.], 1.6815037989302663e-23
40, 0.5, 0.7, 3.8, 2, 999, [1. 3.], 2.3533692955005835e-25
40, 0.5, 0.7, 3.8, 3, 999, [1. 3.], 7.697832280135495e-19
40, 0.5, 0.7, 3.8, 4, 999, [1. 3.], 8.704233073382711e-22
40, 0.5, 0.7, 3.8, 5, 999, [1. 3.], 2.700694904718715e-21
40, 0.5, 0.7, 3.8, 6, 999, [1. 3.], 4.372318457721795e-19
40, 0.5, 0.7, 3.8, 7, 999, [1. 3.], 3.4858739468150144e-21
40, 0.5, 0.7, 3.8, 8, 999, [1. 3.], 1.1406224788910102e-22
40, 0.5, 0.7, 3.8, 9, 999, [1. 3.], 4.615203177789428e-20
40, 0.5, 0.7, 3.8, 10, 999, [1. 3.], 5.2252991666689805e-21
40, 0.5, 0.7, 3.8, 11, 999, [1. 3.], 6.0693482877811885e-24
40, 0.5, 0.7, 3.8, 12, 999, [1. 3.], 3.0028391098577667e-23
40, 0.5, 0.7, 3.8, 13, 999, [1. 3.], 2.719904837641569e-23
40, 0.5, 0.7, 3.8, 14, 999, [1. 3.], 6.953012642768534e-22
40, 0.5, 0.7, 3.8, 15, 999, [1. 3.], 9.603943072174697e-22
40, 0.5, 0.7, 3.8, 16, 999, [1. 3.], 2.779736000886666e-22
40, 0.5, 0.7, 3.8, 17, 999, [1. 3.], 1.472021507869788e-21
40, 0.5, 0.7, 3.8, 18, 999, [1. 3.], 5.613218657190632e-26
40, 0.5, 0.7, 3.8, 19, 999, [1. 3.], 4.218853220953892e-18
40, 0.5, 0.7, 3.9, 0, 999, [1.00000002 2.99999998], 7.663200451099721e-16
40, 0.5, 0.7, 3.9, 1, 999, [1.00000021 2.9999997 ], 1.6409593472264053e-13
40, 0.5, 0.7, 3.9, 2, 999, [1. 3.], 4.673196894975192e-20
40, 0.5, 0.7, 3.9, 3, 999, [1.00000001 3.        ], 1.200350179367152e-15
40, 0.5, 0.7, 3.9, 4, 999, [1. 3.], 3.840850471085175e-18
40, 0.5, 0.7, 3.9, 5, 999, [1. 3.], 2.972072067270418e-17
40, 0.5, 0.7, 3.9, 6, 999, [1.00000001 2.99999999], 1.9665925793381045e-16
40, 0.5, 0.7, 3.9, 7, 999, [1. 3.], 6.314528623706595e-22
40, 0.5, 0.7, 3.9, 8, 999, [1.00000002 2.99999991], 2.313390832104578e-14
40, 0.5, 0.7, 3.9, 9, 999, [1. 3.], 1.1748424558243939e-17
40, 0.5, 0.7, 3.9, 10, 999, [1. 3.], 2.666767060710077e-18
40, 0.5, 0.7, 3.9, 11, 999, [1. 3.], 3.1347278046870036e-17
40, 0.5, 0.7, 3.9, 12, 999, [1.00000008 2.99999994], 1.0671849037957647e-14
40, 0.5, 0.7, 3.9, 13, 999, [1. 3.], 3.2561516786856334e-19
40, 0.5, 0.7, 3.9, 14, 999, [1. 3.], 4.627829087371389e-19
40, 0.5, 0.7, 3.9, 15, 999, [1. 3.], 2.5517917011647422e-17
40, 0.5, 0.7, 3.9, 16, 999, [1. 3.], 8.900723576870151e-18
40, 0.5, 0.7, 3.9, 17, 999, [0.99999955 3.00000052], 4.985950114103729e-13
40, 0.5, 0.7, 3.9, 18, 999, [1.         2.99999999], 1.3656142330322067e-16
40, 0.5, 0.7, 3.9, 19, 999, [1. 3.], 2.7292817233625714e-17
40, 0.5, 0.7, 4.0, 0, 999, [0.99999986 3.00000017], 5.1925391575124997e-14
40, 0.5, 0.7, 4.0, 1, 999, [0.99999962 3.00000064], 8.335419324169083e-13
40, 0.5, 0.7, 4.0, 2, 999, [0.99999985 3.00000018], 5.969122691704554e-14
40, 0.5, 0.7, 4.0, 3, 999, [1. 3.], 6.062806699193208e-20
40, 0.5, 0.7, 4.0, 4, 999, [1.00000015 2.99999983], 5.383076229000358e-14
40, 0.5, 0.7, 4.0, 5, 999, [1.00000021 2.99999992], 1.176505397101446e-13
40, 0.5, 0.7, 4.0, 6, 999, [1.00000029 2.99999977], 1.53324967782231e-13
40, 0.5, 0.7, 4.0, 7, 999, [1.00000008 2.99999993], 1.1587741076399062e-14
40, 0.5, 0.7, 4.0, 8, 999, [0.999991   3.00000794], 1.4842719682159105e-10
40, 0.5, 0.7, 4.0, 9, 999, [1.00000013 2.9999999 ], 2.996232778721887e-14
40, 0.5, 0.7, 4.0, 10, 999, [0.99999873 3.00000076], 3.24292849402492e-12
40, 0.5, 0.7, 4.0, 11, 999, [0.9999997  3.00000064], 9.714073778640938e-13
40, 0.5, 0.7, 4.0, 12, 999, [0.99999988 3.00000002], 5.872946430263503e-14
40, 0.5, 0.7, 4.0, 13, 999, [0.99999598 3.00000298], 2.944315406953027e-11
40, 0.5, 0.7, 4.0, 14, 999, [0.9999997  3.00000044], 3.5380324850545293e-13
40, 0.5, 0.7, 4.0, 15, 999, [0.99999983 2.99999994], 2.5570396183585573e-13
40, 0.5, 0.7, 4.0, 16, 999, [0.99999993 3.00000009], 1.3137360316616282e-14
40, 0.5, 0.7, 4.0, 17, 999, [1.0000002  2.99999961], 3.4472501366244537e-13
40, 0.5, 0.7, 4.0, 18, 999, [0.9999976  3.00000332], 2.022109271316848e-11
40, 0.5, 0.7, 4.0, 19, 999, [0.9999986  3.00000133], 3.735133675277316e-12
